"SampleID","BioSample","Sample.Name","Population","sex"
"ERR1001649","SAMEA3522226","C1","C","male"
"ERR1001650","SAMEA3522227","C12","C","male"
"ERR1001651","SAMEA3522228","C13","C","male"
"ERR1016705","SAMEA3539925","C1_2","C","male"
"ERR1016706","SAMEA3539926","C12_2","C","male"
"ERR1016707","SAMEA3539927","C14","C","male"
"ERR1016708","SAMEA3539928","C15","C","male"
"ERR1016709","SAMEA3539929","C16","C","male"
"ERR1016710","SAMEA3539930","C17","C","male"
"ERR1016711","SAMEA3539931","C4","C","male"
"ERR1016712","SAMEA3539932","C6","C","male"
"ERR1016714","SAMEA3539933","C8","C","male"
"ERR1016715","SAMEA3539934","C9","C","male"
"ERR1016716","SAMEA3539935","LL1","LL","male"
"ERR1016718","SAMEA3539936","LL10","LL","female"
"ERR1016720","SAMEA3539937","LL11","LL","female"
"ERR1016722","SAMEA3539938","LL13","LL","female"
"ERR1016724","SAMEA3539939","LL14","LL","female"
"ERR1016726","SAMEA3539940","LL2","LL","male"
"ERR1016728","SAMEA3539941","LL3","LL","male"
"ERR1016731","SAMEA3539942","LL5","LL","female"
"ERR1016733","SAMEA3539943","LL6","LL","female"
"ERR1016735","SAMEA3539944","LL7","LL","female"
"ERR1016737","SAMEA3539945","LL9","LL","female"
"ERR1016739","SAMEA3539946","T10","T","male"
"ERR1016740","SAMEA3539947","T13","T","female"
"ERR1016741","SAMEA3539948","T14","T","female"
"ERR1016742","SAMEA3539949","T15","T","female"
"ERR1016743","SAMEA3539950","T16","T","female"
"ERR1016744","SAMEA3539951","T2","T","male"
"ERR1016746","SAMEA3539952","T3","T","male"
"ERR1016747","SAMEA3539953","T4","T","male"
"ERR1016748","SAMEA3539954","T5","T","male"
"ERR1016749","SAMEA3539955","T6","T","male"
"ERR1016750","SAMEA3539956","T7","T","male"
"ERR1016751","SAMEA3539957","T8","T","male"
"ERR1016752","SAMEA3539958","UL1","UL","male"
"ERR1016754","SAMEA3539959","UL10","UL","male"
"ERR1016756","SAMEA3539960","UL11","UL","male"
"ERR1016758","SAMEA3539961","UL12","UL","male"
"ERR1016760","SAMEA3539962","UL13","UL","male"
"ERR1016761","SAMEA3539963","UL15","UL","male"
"ERR1016762","SAMEA3539964","UL16","UL","male"
"ERR1016763","SAMEA3539965","UL17","UL","female"
"ERR1016764","SAMEA3539966","UL18","UL","female"
"ERR1016765","SAMEA3539967","UL19","UL","female"
"ERR1016766","SAMEA3539968","UL2","UL","male"
"ERR1016768","SAMEA3539969","UL20","UL","female"
"ERR1016769","SAMEA3539970","UL3","UL","male"
"ERR1016771","SAMEA3539971","UL4","UL","male"
"ERR1016773","SAMEA3539972","UL5","UL","male"
"ERR1016775","SAMEA3539973","UL6","UL","male"
"ERR1016777","SAMEA3539974","UL7","UL","male"
"ERR1016779","SAMEA3539975","UL8","UL","male"
"ERR1016780","SAMEA3539976","UL9","UL","male"
"ERR1080469","SAMEA3628558","GH1","GH","female"
"ERR1080471","SAMEA3628559","GH10","GH","female"
"ERR1080473","SAMEA3628560","GH2","GH","female"
"ERR1080475","SAMEA3628561","GH3","GH","female"
"ERR1080477","SAMEA3628562","GH4","GH","female"
"ERR1080479","SAMEA3628563","GH5","GH","female"
"ERR1080481","SAMEA3628564","GH6","GH","female"
"ERR1080483","SAMEA3628565","GH7","GH","female"
"ERR1080485","SAMEA3628566","GH8","GH","female"
"ERR1080487","SAMEA3628567","GH9","GH","female"
"ERR1080489","SAMEA3628568","GL1","GL","female"
"ERR1080491","SAMEA3628569","GL10","GL","female"
"ERR1080493","SAMEA3628570","GL2","GL","female"
"ERR1080495","SAMEA3628571","GL4","GL","female"
"ERR1080497","SAMEA3628572","GL5","GL","female"
"ERR1080499","SAMEA3628573","GL6","GL","female"
"ERR1080501","SAMEA3628574","GL7","GL","female"
"ERR1080503","SAMEA3628575","GL8","GL","female"
"ERR1080505","SAMEA3628576","GL9","GL","female"
"ERR1097587","SAMEA3638068","LO1","LO","female"
"ERR1097588","SAMEA3638069","LO10","LO","male"
"ERR1097589","SAMEA3638070","LO11","LO","male"
"ERR1097590","SAMEA3638071","LO12","LO","male"
"ERR1097591","SAMEA3638072","LO13","LO","female"
"ERR1097592","SAMEA3638073","LO15","LO","female"
"ERR1097593","SAMEA3638074","LO16","LO","female"
"ERR1097594","SAMEA3638075","LO17","LO","female"
"ERR1097595","SAMEA3638076","LO18","LO","female"
"ERR1097596","SAMEA3638077","LO19","LO","female"
"ERR1097597","SAMEA3638078","LO2","LO","male"
"ERR1097598","SAMEA3638079","LO20","LO","female"
"ERR1097599","SAMEA3638080","LO21","LO","female"
"ERR1097600","SAMEA3638081","LO22","LO","female"
"ERR1097601","SAMEA3638082","LO3","LO","male"
"ERR1097603","SAMEA3638083","LO4","LO","male"
"ERR1097604","SAMEA3638084","LO5","LO","male"
"ERR1097605","SAMEA3638085","LO6","LO","male"
"ERR1097607","SAMEA3638086","LO7","LO","male"
"ERR1109851","SAMEA3644431","UQ1","UQ","male"
"ERR1109852","SAMEA3644432","UQ10","UQ","female"
"ERR1109853","SAMEA3644433","UQ11","UQ","female"
"ERR1109854","SAMEA3644434","UQ12","UQ","female"
"ERR1109855","SAMEA3644435","UQ13","UQ","female"
"ERR1109857","SAMEA3644436","UQ14","UQ","female"
"ERR1109859","SAMEA3644437","UQ15","UQ","female"
"ERR1109861","SAMEA3644438","UQ16","UQ","female"
"ERR1109862","SAMEA3644439","UQ17","UQ","female"
"ERR1109863","SAMEA3644440","UQ18","UQ","female"
"ERR1109864","SAMEA3644441","UQ19","UQ","female"
"ERR1109865","SAMEA3644442","UQ2","UQ","male"
"ERR1109867","SAMEA3644443","UQ20","UQ","female"
"ERR1109868","SAMEA3644444","UQ3","UQ","male"
"ERR1109869","SAMEA3644445","UQ4","UQ","male"
"ERR1109870","SAMEA3644446","UQ5","UQ","male"
"ERR1109871","SAMEA3644447","UQ6","UQ","male"
"ERR1109872","SAMEA3644448","UQ7","UQ","male"
"ERR1109873","SAMEA3644449","UQ8","UQ","male"
"ERR1109874","SAMEA3644450","UQ9","UQ","female"
"ERR1121575","SAMEA3649937","LM1","LM","male"
"ERR1121576","SAMEA3649938","LM10","LM","male"
"ERR1121577","SAMEA3649939","LM11","LM","female"
"ERR1121578","SAMEA3649940","LM12","LM","female"
"ERR1121579","SAMEA3649941","LM13","LM","female"
"ERR1121580","SAMEA3649942","LM14","LM","female"
"ERR1121581","SAMEA3649943","LM15","LM","female"
"ERR1121582","SAMEA3649944","LM16","LM","female"
"ERR1121583","SAMEA3649945","LM17","LM","female"
"ERR1121585","SAMEA3649946","LM18","LM","female"
"ERR1121586","SAMEA3649947","LM19","LM","female"
"ERR1121588","SAMEA3649948","LM2","LM","male"
"ERR1121590","SAMEA3649949","LM20","LM","female"
"ERR1121592","SAMEA3649950","LM3","LM","male"
"ERR1121593","SAMEA3649951","LM4","LM","male"
"ERR1121594","SAMEA3649952","LM5","LM","male"
"ERR1121595","SAMEA3649953","LM6","LM","male"
"ERR1121596","SAMEA3649954","LM7","LM","male"
"ERR1121597","SAMEA3649955","LM8","LM","male"
"ERR1121599","SAMEA3649956","LM9","LM","male"
"ERR1121600","SAMEA3649957","UM1","UM","male"
"ERR1121601","SAMEA3649958","UM10","UM","female"
"ERR1121602","SAMEA3649959","UM11","UM","female"
"ERR1121603","SAMEA3649960","UM12","UM","female"
"ERR1121604","SAMEA3649961","UM13","UM","female"
"ERR1121605","SAMEA3649962","UM14","UM","female"
"ERR1121606","SAMEA3649963","UM15","UM","female"
"ERR1121607","SAMEA3649964","UM16","UM","female"
"ERR1121608","SAMEA3649965","UM17","UM","female"
"ERR1121609","SAMEA3649966","UM18","UM","female"
"ERR1121610","SAMEA3649967","UM2","UM","male"
"ERR1121611","SAMEA3649968","UM3","UM","male"
"ERR1121613","SAMEA3649969","UM5","UM","male"
"ERR1121614","SAMEA3649970","UM6","UM","male"
"ERR1121615","SAMEA3649971","UM7","UM","male"
"ERR1121616","SAMEA3649972","UM8","UM","male"
"ERR1121617","SAMEA3649973","UM9","UM","male"
"SRR1171699","SAMN02404645","GH11","GH","male"
"SRR1171701","SAMN02404645","GH12","GH","male"
"SRR1171702","SAMN02404645","GH13","GH","male"
"SRR1171703","SAMN02404645","GH14","GH","male"
"SRR1171704","SAMN02404645","GH15","GH","male"
"SRR1171705","SAMN02404645","GH16","GH","male"
"SRR1171707","SAMN02404645","GH17","GH","male"
"SRR1171708","SAMN02404645","GH18","GH","male"
"SRR1171709","SAMN02404645","GH19","GH","male"
"SRR1171710","SAMN02404645","GH20","GH","male"
"SRR1171711","SAMN02404645","Guanapo inbreed strain","GL","male"
"SRR1171712","SAMN02404645","Guanapo inbreed strain","GL","male"
"SRR1171713","SAMN02404645","Guanapo inbreed strain","GL","male"
"SRR1171718","SAMN02404645","Guanapo inbreed strain","GL","male"
"SRR1171720","SAMN02404645","Guanapo inbreed strain","GL","male"
"SRR1171721","SAMN02404645","Guanapo inbreed strain","GL","male"
"SRR1171722","SAMN02404645","Guanapo inbreed strain","GL","male"
"SRR1171723","SAMN02404645","Guanapo inbreed strain","GL","male"
"SRR1171724","SAMN02404645","Guanapo inbreed strain","GL","male"
"SRR1171725","SAMN02404645","Guanapo inbreed strain","GL","male"
