SampleID,BioSample,common_name,Experiment,Organism,SRA.Study,Submitter_Id,sex,SATC_female_sex,Population
ERR5056106,SAMEA7766937,leopard,ERX4862175,Panthera pardus,ERP124970,1,male,heteromorphic,pop1
ERR5056110,SAMEA7766941,leopard,ERX4862179,Panthera pardus,ERP124970,5,male,heteromorphic,pop1
ERR5056112,SAMEA7766943,leopard,ERX4862181,Panthera pardus,ERP124970,7,male,heteromorphic,pop1
ERR5056113,SAMEA7766944,leopard,ERX4862182,Panthera pardus,ERP124970,8,male,heteromorphic,pop1
ERR5056117,SAMEA7766948,leopard,ERX4862186,Panthera pardus,ERP124970,12,male,heteromorphic,pop1
ERR5056118,SAMEA7766949,leopard,ERX4862187,Panthera pardus,ERP124970,13,male,heteromorphic,pop1
ERR5056119,SAMEA7766950,leopard,ERX4862188,Panthera pardus,ERP124970,14,male,heteromorphic,pop1
ERR5056122,SAMEA7766953,leopard,ERX4862191,Panthera pardus,ERP124970,17,male,heteromorphic,pop1
ERR5056123,SAMEA7766954,leopard,ERX4862192,Panthera pardus,ERP124970,18,female,homomorphic,pop1
ERR5056124,SAMEA7766955,leopard,ERX4862193,Panthera pardus,ERP124970,19,female,homomorphic,pop2
ERR5056126,SAMEA7766957,leopard,ERX4862195,Panthera pardus,ERP124970,21,female,homomorphic,pop3
ERR5056127,SAMEA7766958,leopard,ERX4862196,Panthera pardus,ERP124970,22,female,homomorphic,pop3
ERR5056129,SAMEA7766960,leopard,ERX4862198,Panthera pardus,ERP124970,24,female,homomorphic,pop3
ERR5056132,SAMEA7766963,leopard,ERX4862201,Panthera pardus,ERP124970,27,female,homomorphic,pop2
ERR5056133,SAMEA7766964,leopard,ERX4862202,Panthera pardus,ERP124970,28,male,heteromorphic,pop1
ERR5056136,SAMEA7766967,leopard,ERX4862205,Panthera pardus,ERP124970,31,female,homomorphic,pop1
ERR5056137,SAMEA7766968,leopard,ERX4862206,Panthera pardus,ERP124970,32,female,homomorphic,pop2
ERR5056138,SAMEA7766969,leopard,ERX4862207,Panthera pardus,ERP124970,33,female,homomorphic,pop1
ERR5056141,SAMEA7766972,leopard,ERX4862210,Panthera pardus,ERP124970,36,female,homomorphic,pop1
ERR5056143,SAMEA7766974,leopard,ERX4862212,Panthera pardus,ERP124970,38,female,homomorphic,pop1
ERR5056149,SAMEA7766980,leopard,ERX4862218,Panthera pardus,ERP124970,44,male,heteromorphic,pop1
ERR5056151,SAMEA7766982,leopard,ERX4862220,Panthera pardus,ERP124970,46,male,heteromorphic,pop1
ERR5056153,SAMEA7766984,leopard,ERX4862222,Panthera pardus,ERP124970,48,male,heteromorphic,pop1
ERR5056154,SAMEA7766985,leopard,ERX4862223,Panthera pardus,ERP124970,49,male,heteromorphic,pop1
ERR5056157,SAMEA7766988,leopard,ERX4862226,Panthera pardus,ERP124970,52,male,heteromorphic,pop1
ERR5056158,SAMEA7766989,leopard,ERX4862227,Panthera pardus,ERP124970,53,male,heteromorphic,pop1