SampleID,sex,Population
SRR11048489,female,Chilliwack
SRR11048488,female,Chilliwack
SRR11048477,male,Chilliwack
SRR11048466,female,Puntledge
SRR11048455,female,Puntledge
SRR11048444,female,Puntledge
SRR11048434,male,Puntledge
SRR11048433,male,Puntledge
SRR11048432,female,Kitimat
SRR11048431,female,Kitimat
SRR11048487,female,Kitimat
SRR11048486,male,Kitimat
SRR11048485,male,Kitimat
SRR11048484,male,Kitimat
SRR11048483,female,Snootli
SRR11048482,female,Snootli
SRR11048481,female,Snootli
SRR11048480,male,Snootli
SRR11048479,male,Snootli
SRR11048478,male,Snootli
SRR11048476,female,Chehalis
SRR11048475,female,Chehalis
SRR11048474,female,Chehalis
SRR11048473,male,Chehalis
SRR11048472,male,Chehalis
SRR11048471,male,Chehalis
SRR11048470,female,Inch
SRR11048469,female,Inch
SRR11048468,female,Inch
SRR11048467,female,Inch
SRR11048465,male,Inch
SRR11048464,male,Inch
SRR11048463,male,Inch
SRR11048462,male,Inch
SRR11048461,female,Tenderfoot
SRR11048460,female,Tenderfoot
SRR11048459,female,Tenderfoot
SRR11048458,male,Tenderfoot
SRR11048457,male,Tenderfoot
SRR11048456,male,Tenderfoot
SRR11048454,female,Chilliwack
SRR11048453,male,Chilliwack
SRR11048452,male,Chilliwack
SRR11048451,female,Inch
SRR11048450,female,Qualicum
SRR11048449,female,Qualicum
SRR11048448,male,Qualicum
SRR11048447,male,Qualicum
SRR11048446,female,Nitinat
SRR11048445,female,Nitinat
SRR11048443,male,Nitinat
SRR11048442,male,Nitinat
SRR11048441,female,Deena
SRR11048440,female,Deena
SRR11048439,male,Deena
SRR11048438,male,Deena
SRR11048437,not determined,Tokushibetsu
SRR11048436,not determined,Tokushibetsu
SRR11048435,not determined,Tokushibetsu
