﻿Order,SampleID,sex,Population,Body of Water,bioproject_accession,organism,accession,sample_title
1,Oke011022-2,female,Chilliwack,Chilliwack River,PRJNA556729,Oncorhynchus keta,SAMN14071408,Chum Chilliwack female Oke011022-2
2,Oke011022-4,female,Chilliwack,Chilliwack River,PRJNA556729,Oncorhynchus keta,SAMN14071409,Chum Chilliwack Female Oke011022-4
3,Oke011022-D,male,Chilliwack,Chilliwack River,PRJNA556729,Oncorhynchus keta,SAMN14071410,Chum Chilliwack Male Oke011022-D
4,Oke131017-1,female,Puntledge,Puntledge River,PRJNA556729,Oncorhynchus keta,SAMN14071411,Chum Puntledge female Oke131017-1
5,Oke131017-2,female,Puntledge,Puntledge River,PRJNA556729,Oncorhynchus keta,SAMN14071412,Chum Puntledge female Oke131017-2
6,Oke131017-3,female,Puntledge,Puntledge River,PRJNA556729,Oncorhynchus keta,SAMN14071413,Chum Puntledge female Oke131017-3
7,Oke131017-B,male,Puntledge,Puntledge River,PRJNA556729,Oncorhynchus keta,SAMN14071414,Chum Puntledge male Oke131017-B
8,Oke131017-C,male,Puntledge,Puntledge River,PRJNA556729,Oncorhynchus keta,SAMN14071415,Chum Puntledge male Oke131017-C
9,Oke170915-1,female,Kitimat,Kitimat River,PRJNA556729,Oncorhynchus keta,SAMN14071416,Chum Kitimat female Oke170915-1
10,Oke170915-3,female,Kitimat,Kitimat River,PRJNA556729,Oncorhynchus keta,SAMN14071417,Chum Kitimat female Oke170915-3
11,Oke170915-4,female,Kitimat,Kitimat River,PRJNA556729,Oncorhynchus keta,SAMN14071418,Chum Kitimat female Oke170915-4
12,Oke170915-C,male,Kitimat,Kitimat River,PRJNA556729,Oncorhynchus keta,SAMN14071419,Chum Kitimat male Oke170915-C
13,Oke170915-D,male,Kitimat,Kitimat River,PRJNA556729,Oncorhynchus keta,SAMN14071420,Chum Kitimat male Oke170915-D
14,Oke170915-E,male,Kitimat,Kitimat River,PRJNA556729,Oncorhynchus keta,SAMN14071421,Chum Kitimat male Oke170915-E
15,Oke170918-3,female,Snootli,Snootli Creek,PRJNA556729,Oncorhynchus keta,SAMN14071422,Chum Snootli female Oke170918-3
16,Oke170918-4,female,Snootli,Snootli Creek,PRJNA556729,Oncorhynchus keta,SAMN14071423,Chum Snootli female Oke170918-4
17,Oke170918-5,female,Snootli,Snootli Creek,PRJNA556729,Oncorhynchus keta,SAMN14071424,Chum Snootli female Oke170918-5
18,Oke170918-A,male,Snootli,Snootli Creek,PRJNA556729,Oncorhynchus keta,SAMN14071425,Chum Snootli male Oke170918-A
19,Oke170918-C,male,Snootli,Snootli Creek,PRJNA556729,Oncorhynchus keta,SAMN14071426,Chum Snootli male Oke170918-C
20,Oke170918-E,male,Snootli,Snootli Creek,PRJNA556729,Oncorhynchus keta,SAMN14071427,Chum Snootli male Oke170918-E
21,Oke171107-3,female,Chehalis,Chehalis River,PRJNA556729,Oncorhynchus keta,SAMN14071428,Chum Chehalis female Oke171107-3
22,Oke171107-4,female,Chehalis,Chehalis River,PRJNA556729,Oncorhynchus keta,SAMN14071429,Chum Chehalis female Oke171107-4
23,Oke171107-5,female,Chehalis,Chehalis River,PRJNA556729,Oncorhynchus keta,SAMN14071430,Chum Chehalis female Oke171107-5
24,Oke171107-A,male,Chehalis,Chehalis River,PRJNA556729,Oncorhynchus keta,SAMN14071431,Chum Chehalis male Oke171107-A
25,Oke171107-B,male,Chehalis,Chehalis River,PRJNA556729,Oncorhynchus keta,SAMN14071432,Chum Chehalis male Oke171107-B
26,Oke171107-D,male,Chehalis,Chehalis River,PRJNA556729,Oncorhynchus keta,SAMN14071433,Chum Chehalis male Oke171107-D
27,Oke171114-1,female,Inch,Inch Creek,PRJNA556729,Oncorhynchus keta,SAMN14071434,Chum Inch Creek female Oke171114-1
28,Oke171114-2,female,Inch,Inch Creek,PRJNA556729,Oncorhynchus keta,SAMN14071435,Chum Inch Creek female Oke171114-2
29,Oke171114-3,female,Inch,Inch Creek,PRJNA556729,Oncorhynchus keta,SAMN14071436,Chum Inch Creek female Oke171114-3
30,Oke171114-4,female,Inch,Inch Creek,PRJNA556729,Oncorhynchus keta,SAMN14071437,Chum Inch Creek female Oke171114-4
31,Oke171114-A,male,Inch,Inch Creek,PRJNA556729,Oncorhynchus keta,SAMN14071438,Chum Inch Creek male Oke171114-A
32,Oke171114-B,male,Inch,Inch Creek,PRJNA556729,Oncorhynchus keta,SAMN14071439,Chum Inch Creek male Oke171114-B
33,Oke171114-D,male,Inch,Inch Creek,PRJNA556729,Oncorhynchus keta,SAMN14071440,Chum Inch Creek male Oke171114-D
34,Oke171114-E,male,Inch,Inch Creek,PRJNA556729,Oncorhynchus keta,SAMN14071441,Chum Inch Creek male Oke171114-E
35,Oke171116-1,female,Tenderfoot,Tenderfoot Creek,PRJNA556729,Oncorhynchus keta,SAMN14071442,Chum Tenderfoot female Oke171116-1
36,Oke171116-2,female,Tenderfoot,Tenderfoot Creek,PRJNA556729,Oncorhynchus keta,SAMN14071443,Chum Tenderfoot female Oke171116-2
37,Oke171116-5,female,Tenderfoot,Tenderfoot Creek,PRJNA556729,Oncorhynchus keta,SAMN14071444,Chum Tenderfoot female Oke171116-5
38,Oke171116-A,male,Tenderfoot,Tenderfoot Creek,PRJNA556729,Oncorhynchus keta,SAMN14071445,Chum Tenderfoot male Oke171116-A
39,Oke171116-D,male,Tenderfoot,Tenderfoot Creek,PRJNA556729,Oncorhynchus keta,SAMN14071446,Chum Tenderfoot male Oke171116-D
40,Oke171116-E,male,Tenderfoot,Tenderfoot Creek,PRJNA556729,Oncorhynchus keta,SAMN14071447,Chum Tenderfoot male Oke171116-E
41,Oke171130-1,female,Chilliwack,Chilliwack River,PRJNA556729,Oncorhynchus keta,SAMN14071448,Chum Chilliwack female Oke171130-1
42,Oke171130-B,male,Chilliwack,Chilliwack River,PRJNA556729,Oncorhynchus keta,SAMN14071449,Chum Chilliwack male Oke171130-B
43,Oke171130-E,male,Chilliwack,Chilliwack River,PRJNA556729,Oncorhynchus keta,SAMN14071450,Chum Chilliwack male Oke171130-E
44,Oke180104-Fert164,female,Inch,Inch Creek,PRJNA556729,Oncorhynchus keta,SAMN14071451,Chum doubled haploid Fert164 Oke180104-Fert164
45,Oke181101-5,female,Qualicum,Big Qualicum River,PRJNA556729,Oncorhynchus keta,SAMN14071452,Chum Big Qualicum 2018 female Oke181101-5
46,Oke181101-6,female,Qualicum,Big Qualicum River,PRJNA556729,Oncorhynchus keta,SAMN14071453,Chum Big Qualicum 2018 female Oke181101-6
47,Oke181101-D,male,Qualicum,Big Qualicum River,PRJNA556729,Oncorhynchus keta,SAMN14071454,Chum Big Qualicum 2018 male Oke181101-D
48,Oke181101-E,male,Qualicum,Big Qualicum River,PRJNA556729,Oncorhynchus keta,SAMN14071455,Chum Big Qualicum 2018 male Oke181101-E
49,Oke181114-1,female,Nitinat,Nitinat River,PRJNA556729,Oncorhynchus keta,SAMN14071456,Chum Nitinat River 2018 female Oke181114-1
50,Oke181114-3,female,Nitinat,Nitinat River,PRJNA556729,Oncorhynchus keta,SAMN14071457,Chum Nitinat River 2018 female Oke181114-3
51,Oke181114-B,male,Nitinat,Nitinat River,PRJNA556729,Oncorhynchus keta,SAMN14071458,Chum Nitinat River 2018 male Oke181114-B
52,Oke181114-C,male,Nitinat,Nitinat River,PRJNA556729,Oncorhynchus keta,SAMN14071459,Chum Nitinat River 2018 male Oke181114-C
53,Oke181128-7,female,Deena,Deena Creek,PRJNA556729,Oncorhynchus keta,SAMN14071460,Chum Deena Creek 2018 female Oke181128-7
54,Oke181128-9,female,Deena,Deena Creek,PRJNA556729,Oncorhynchus keta,SAMN14071461,Chum Deena Creek 2018 female Oke181128-9
55,Oke181128-H,male,Deena,Deena Creek,PRJNA556729,Oncorhynchus keta,SAMN14071462,Chum Deena Creek 2018 male Oke181128-H
56,Oke181128-I,male,Deena,Deena Creek,PRJNA556729,Oncorhynchus keta,SAMN14071463,Chum Deena Creek 2018 male Oke181128-I
57,Oke1997-Tokushibetsu-1,not determined,Tokushibetsu,Tokushibetsu River,PRJNA556729,Oncorhynchus keta,SAMN14071464,Chum Tokushibetsu Japan 1997 Oke1997-Tokushibetsu-1
58,Oke1997-Tokushibetsu-2,not determined,Tokushibetsu,Tokushibetsu River,PRJNA556729,Oncorhynchus keta,SAMN14071465,Chum Tokushibetsu Japan 1997 Oke1997-Tokushibetsu-2
59,Oke1997-Tokushibetsu-4,not determined,Tokushibetsu,Tokushibetsu River,PRJNA556729,Oncorhynchus keta,SAMN14071466,Chum Tokushibetsu Japan 1997 Oke1997-Tokushibetsu-4