SampleID,SATC_sex,RADlibrary,Population
SRR11288725,heteromorphic,RAD3100,Holokuk River
SRR11288726,heteromorphic,RAD3099,Holokuk River
SRR11288727,heteromorphic,RAD3098,Holokuk River
SRR11288728,heteromorphic,RAD3097,Holokuk River
SRR11288729,heteromorphic,RAD3096,Fish River
SRR11288730,heteromorphic,RAD3095,Fish River
SRR11288731,heteromorphic,RAD3094,Fish River
SRR11288732,heteromorphic,RAD3093,Fish River
SRR11288733,heteromorphic,RAD3092,Fish River
SRR11288734,heteromorphic,RAD3091,Fish River
SRR11288735,heteromorphic,RAD3010,Eldorado River
SRR11288736,heteromorphic,RAD3090,Fish River
SRR11288737,heteromorphic,RAD3089,Fish River
SRR11288738,heteromorphic,RAD3088,Fish River
SRR11288739,heteromorphic,RAD3087,Fish River
SRR11288740,heteromorphic,RAD3086,Fish River
SRR11288741,heteromorphic,RAD3085,Fish River
SRR11288742,heteromorphic,RAD3084,Fish River
SRR11288743,heteromorphic,RAD3083,Fish River
SRR11288744,heteromorphic,RAD3082,Fish River
SRR11288745,heteromorphic,RAD3081,Fish River
SRR11288746,heteromorphic,RAD3009,Eldorado River
SRR11288747,homomorphic,RAD3080,Fish River
SRR11288748,heteromorphic,RAD3079,Fish River
SRR11288749,heteromorphic,RAD3078,Fish River
SRR11288750,heteromorphic,RAD3077,Fish River
SRR11288751,heteromorphic,RAD3076,Fish River
SRR11288752,heteromorphic,RAD3075,Fish River
SRR11288753,heteromorphic,RAD3074,Fish River
SRR11288754,heteromorphic,RAD3073,Fish River
SRR11288755,homomorphic,RAD3072,Fish River
SRR11288756,heteromorphic,RAD3071,Fish River
SRR11288757,heteromorphic,RAD3008,Eldorado River
SRR11288758,heteromorphic,RAD3070,Fish River
SRR11288759,heteromorphic,RAD3069,Fish River
SRR11288760,heteromorphic,RAD3068,Fish River
SRR11288761,heteromorphic,RAD3067,Fish River
SRR11288762,heteromorphic,RAD3066,Fish River
SRR11288763,heteromorphic,RAD3065,Fish River
SRR11288764,heteromorphic,RAD3064,Fish River
SRR11288765,homomorphic,RAD3063,Fish River
SRR11288766,heteromorphic,RAD3062,Fish River
SRR11288767,heteromorphic,RAD3061,Fish River
SRR11288768,heteromorphic,RAD3007,Eldorado River
SRR11288769,heteromorphic,RAD3060,Fish River
SRR11288770,heteromorphic,RAD3059,Fish River
SRR11288771,heteromorphic,RAD3058,Fish River
SRR11288772,heteromorphic,RAD3057,Fish River
SRR11288773,heteromorphic,RAD3056,Fish River
SRR11288774,homomorphic,RAD3055,Fish River
SRR11288775,heteromorphic,RAD3054,Fish River
SRR11288776,heteromorphic,RAD3053,Fish River
SRR11288777,heteromorphic,RAD3052,Fish River
SRR11288778,heteromorphic,RAD3051,Fish River
SRR11288779,heteromorphic,RAD3006,Eldorado River
SRR11288780,heteromorphic,RAD3050,Fish River
SRR11288781,heteromorphic,RAD3049,Fish River
SRR11288782,heteromorphic,RAD3048,Eldorado River
SRR11288783,heteromorphic,RAD3047,Eldorado River
SRR11288784,heteromorphic,RAD3046,Eldorado River
SRR11288785,heteromorphic,RAD3045,Eldorado River
SRR11288786,heteromorphic,RAD3044,Eldorado River
SRR11288787,heteromorphic,RAD3043,Eldorado River
SRR11288788,heteromorphic,RAD3042,Eldorado River
SRR11288789,heteromorphic,RAD3041,Eldorado River
SRR11288790,heteromorphic,RAD3005,Eldorado River
SRR11288791,heteromorphic,RAD3040,Eldorado River
SRR11288792,heteromorphic,RAD3039,Eldorado River
SRR11288793,heteromorphic,RAD3038,Eldorado River
SRR11288794,heteromorphic,RAD3037,Eldorado River
SRR11288795,heteromorphic,RAD3036,Eldorado River
SRR11288796,heteromorphic,RAD3035,Eldorado River
SRR11288797,heteromorphic,RAD3034,Eldorado River
SRR11288798,heteromorphic,RAD3033,Eldorado River
SRR11288799,heteromorphic,RAD3032,Eldorado River
SRR11288800,heteromorphic,RAD3031,Eldorado River
SRR11288801,heteromorphic,RAD3004,Eldorado River
SRR11288802,heteromorphic,RAD3030,Eldorado River
SRR11288803,heteromorphic,RAD3288,Otter Creek
SRR11288804,heteromorphic,RAD3287,Otter Creek
SRR11288805,heteromorphic,RAD3286,Otter Creek
SRR11288806,heteromorphic,RAD3285,Otter Creek
SRR11288807,heteromorphic,RAD3284,Otter Creek
SRR11288808,heteromorphic,RAD3283,Otter Creek
SRR11288809,heteromorphic,RAD3282,Otter Creek
SRR11288810,heteromorphic,RAD3281,Otter Creek
SRR11288811,heteromorphic,RAD3029,Eldorado River
SRR11288812,heteromorphic,RAD3280,Otter Creek
SRR11288813,heteromorphic,RAD3279,Otter Creek
SRR11288814,heteromorphic,RAD3278,Otter Creek
SRR11288815,heteromorphic,RAD3277,Otter Creek
SRR11288816,heteromorphic,RAD3276,Otter Creek
SRR11288817,heteromorphic,RAD3275,Otter Creek
SRR11288818,heteromorphic,RAD3274,Otter Creek
SRR11288819,heteromorphic,RAD3273,Otter Creek
SRR11288820,heteromorphic,RAD3272,Otter Creek
SRR11288821,heteromorphic,RAD3271,Otter Creek
SRR11288822,heteromorphic,RAD3028,Eldorado River
SRR11288823,heteromorphic,RAD3270,Otter Creek
SRR11288824,heteromorphic,RAD3269,Otter Creek
SRR11288825,heteromorphic,RAD3268,Otter Creek
SRR11288826,heteromorphic,RAD3267,Otter Creek
SRR11288827,heteromorphic,RAD3266,Otter Creek
SRR11288828,heteromorphic,RAD3265,Otter Creek
SRR11288829,heteromorphic,RAD3264,Otter Creek
SRR11288830,heteromorphic,RAD3263,Otter Creek
SRR11288831,heteromorphic,RAD3262,Otter Creek
SRR11288832,heteromorphic,RAD3261,Otter Creek
SRR11288833,heteromorphic,RAD3027,Eldorado River
SRR11288834,heteromorphic,RAD3260,Otter Creek
SRR11288835,heteromorphic,RAD3259,Otter Creek
SRR11288836,heteromorphic,RAD3258,Otter Creek
SRR11288837,heteromorphic,RAD3257,Otter Creek
SRR11288838,heteromorphic,RAD3256,Otter Creek
SRR11288839,heteromorphic,RAD3255,Otter Creek
SRR11288840,heteromorphic,RAD3254,Otter Creek
SRR11288841,heteromorphic,RAD3253,Otter Creek
SRR11288842,homomorphic,RAD3252,Otter Creek
SRR11288843,heteromorphic,RAD3251,Otter Creek
SRR11288844,heteromorphic,RAD3026,Eldorado River
SRR11288845,heteromorphic,RAD3250,Otter Creek
SRR11288846,heteromorphic,RAD3249,Otter Creek
SRR11288847,heteromorphic,RAD3248,Otter Creek
SRR11288848,heteromorphic,RAD3247,Otter Creek
SRR11288849,heteromorphic,RAD3246,Otter Creek
SRR11288850,heteromorphic,RAD3245,Otter Creek
SRR11288851,heteromorphic,RAD3244,Otter Creek
SRR11288852,heteromorphic,RAD3243,Otter Creek
SRR11288853,heteromorphic,RAD3242,Otter Creek
SRR11288854,heteromorphic,RAD3241,Otter Creek
SRR11288855,heteromorphic,RAD3025,Eldorado River
SRR11288856,heteromorphic,RAD3240,Nulato River
SRR11288857,heteromorphic,RAD3239,Nulato River
SRR11288858,heteromorphic,RAD3238,Nulato River
SRR11288859,heteromorphic,RAD3237,Nulato River
SRR11288860,heteromorphic,RAD3236,Nulato River
SRR11288861,heteromorphic,RAD3235,Nulato River
SRR11288862,heteromorphic,RAD3234,Nulato River
SRR11288863,heteromorphic,RAD3233,Nulato River
SRR11288864,heteromorphic,RAD3232,Nulato River
SRR11288865,heteromorphic,RAD3231,Nulato River
SRR11288866,heteromorphic,RAD3024,Eldorado River
SRR11288867,heteromorphic,RAD3230,Nulato River
SRR11288868,heteromorphic,RAD3229,Nulato River
SRR11288869,heteromorphic,RAD3228,Nulato River
SRR11288870,heteromorphic,RAD3227,Nulato River
SRR11288871,heteromorphic,RAD3226,Nulato River
SRR11288872,heteromorphic,RAD3225,Nulato River
SRR11288873,heteromorphic,RAD3224,Nulato River
SRR11288874,heteromorphic,RAD3223,Nulato River
SRR11288875,heteromorphic,RAD3222,Nulato River
SRR11288876,heteromorphic,RAD3221,Nulato River
SRR11288877,heteromorphic,RAD3023,Eldorado River
SRR11288878,heteromorphic,RAD3220,Nulato River
SRR11288879,heteromorphic,RAD3219,Nulato River
SRR11288880,heteromorphic,RAD3218,Nulato River
SRR11288881,heteromorphic,RAD3217,Nulato River
SRR11288882,heteromorphic,RAD3216,Nulato River
SRR11288883,heteromorphic,RAD3215,Nulato River
SRR11288884,heteromorphic,RAD3214,Nulato River
SRR11288885,heteromorphic,RAD3213,Nulato River
SRR11288886,heteromorphic,RAD3212,Nulato River
SRR11288887,heteromorphic,RAD3211,Nulato River
SRR11288888,heteromorphic,RAD3022,Eldorado River
SRR11288889,heteromorphic,RAD3210,Nulato River
SRR11288890,heteromorphic,RAD3209,Nulato River
SRR11288891,heteromorphic,RAD3208,Nulato River
SRR11288892,homomorphic,RAD3207,Nulato River
SRR11288893,heteromorphic,RAD3206,Nulato River
SRR11288894,heteromorphic,RAD3205,Nulato River
SRR11288895,heteromorphic,RAD3204,Nulato River
SRR11288896,heteromorphic,RAD3203,Nulato River
SRR11288897,heteromorphic,RAD3202,Nulato River
SRR11288898,homomorphic,RAD3201,Nulato River
SRR11288899,heteromorphic,RAD3021,Eldorado River
SRR11288900,heteromorphic,RAD3003,Eldorado River
SRR11288901,heteromorphic,RAD3200,Nulato River
SRR11288902,heteromorphic,RAD3199,Nulato River
SRR11288903,heteromorphic,RAD3198,Nulato River
SRR11288904,homomorphic,RAD3197,Nulato River
SRR11288905,heteromorphic,RAD3196,Nulato River
SRR11288906,heteromorphic,RAD3195,Nulato River
SRR11288907,heteromorphic,RAD3194,Nulato River
SRR11288908,heteromorphic,RAD3193,Nulato River
SRR11288909,heteromorphic,RAD3192,Kokwok River
SRR11288910,heteromorphic,RAD3191,Kokwok River
SRR11288911,heteromorphic,RAD3020,Eldorado River
SRR11288912,heteromorphic,RAD3190,Kokwok River
SRR11288913,heteromorphic,RAD3189,Kokwok River
SRR11288914,heteromorphic,RAD3188,Kokwok River
SRR11288915,heteromorphic,RAD3187,Kokwok River
SRR11288916,heteromorphic,RAD3186,Kokwok River
SRR11288917,heteromorphic,RAD3185,Kokwok River
SRR11288918,heteromorphic,RAD3184,Kokwok River
SRR11288919,heteromorphic,RAD3183,Kokwok River
SRR11288920,heteromorphic,RAD3182,Kokwok River
SRR11288921,heteromorphic,RAD3181,Kokwok River
SRR11288922,heteromorphic,RAD3019,Eldorado River
SRR11288923,heteromorphic,RAD3180,Kokwok River
SRR11288924,heteromorphic,RAD3179,Kokwok River
SRR11288925,heteromorphic,RAD3178,Kokwok River
SRR11288926,heteromorphic,RAD3177,Kokwok River
SRR11288927,heteromorphic,RAD3176,Kokwok River
SRR11288928,homomorphic,RAD3175,Kokwok River
SRR11288929,heteromorphic,RAD3174,Kokwok River
SRR11288930,heteromorphic,RAD3173,Kokwok River
SRR11288931,heteromorphic,RAD3172,Kokwok River
SRR11288932,heteromorphic,RAD3171,Kokwok River
SRR11288933,heteromorphic,RAD3018,Eldorado River
SRR11288934,heteromorphic,RAD3170,Kokwok River
SRR11288935,heteromorphic,RAD3169,Kokwok River
SRR11288936,heteromorphic,RAD3168,Kokwok River
SRR11288937,heteromorphic,RAD3167,Kokwok River
SRR11288938,heteromorphic,RAD3166,Kokwok River
SRR11288939,heteromorphic,RAD3165,Kokwok River
SRR11288940,heteromorphic,RAD3164,Kokwok River
SRR11288941,heteromorphic,RAD3163,Kokwok River
SRR11288942,heteromorphic,RAD3162,Kokwok River
SRR11288943,heteromorphic,RAD3161,Kokwok River
SRR11288944,heteromorphic,RAD3017,Eldorado River
SRR11288945,heteromorphic,RAD3160,Kokwok River
SRR11288946,heteromorphic,RAD3159,Kokwok River
SRR11288947,heteromorphic,RAD3158,Kokwok River
SRR11288948,heteromorphic,RAD3157,Kokwok River
SRR11288949,heteromorphic,RAD3156,Kokwok River
SRR11288950,heteromorphic,RAD3155,Kokwok River
SRR11288951,heteromorphic,RAD3154,Kokwok River
SRR11288952,heteromorphic,RAD3153,Kokwok River
SRR11288953,heteromorphic,RAD3152,Kokwok River
SRR11288954,heteromorphic,RAD3151,Kokwok River
SRR11288955,heteromorphic,RAD3016,Eldorado River
SRR11288956,heteromorphic,RAD3150,Kokwok River
SRR11288957,heteromorphic,RAD3149,Kokwok River
SRR11288958,heteromorphic,RAD3148,Kokwok River
SRR11288959,heteromorphic,RAD3147,Kokwok River
SRR11288960,heteromorphic,RAD3146,Kokwok River
SRR11288961,heteromorphic,RAD3145,Kokwok River
SRR11288962,heteromorphic,RAD3144,Holokuk River
SRR11288963,heteromorphic,RAD3143,Holokuk River
SRR11288964,heteromorphic,RAD3142,Holokuk River
SRR11288965,heteromorphic,RAD3141,Holokuk River
SRR11288966,heteromorphic,RAD3015,Eldorado River
SRR11288967,heteromorphic,RAD3140,Holokuk River
SRR11288968,heteromorphic,RAD3139,Holokuk River
SRR11288969,heteromorphic,RAD3138,Holokuk River
SRR11288970,heteromorphic,RAD3137,Holokuk River
SRR11288971,heteromorphic,RAD3136,Holokuk River
SRR11288972,heteromorphic,RAD3135,Holokuk River
SRR11288973,heteromorphic,RAD3134,Holokuk River
SRR11288974,heteromorphic,RAD3133,Holokuk River
SRR11288975,heteromorphic,RAD3132,Holokuk River
SRR11288976,heteromorphic,RAD3131,Holokuk River
SRR11288977,heteromorphic,RAD3014,Eldorado River
SRR11288978,heteromorphic,RAD3130,Holokuk River
SRR11288979,heteromorphic,RAD3129,Holokuk River
SRR11288980,heteromorphic,RAD3128,Holokuk River
SRR11288981,heteromorphic,RAD3127,Holokuk River
SRR11288982,heteromorphic,RAD3126,Holokuk River
SRR11288983,heteromorphic,RAD3125,Holokuk River
SRR11288984,heteromorphic,RAD3124,Holokuk River
SRR11288985,heteromorphic,RAD3123,Holokuk River
SRR11288986,heteromorphic,RAD3122,Holokuk River
SRR11288987,heteromorphic,RAD3121,Holokuk River
SRR11288988,heteromorphic,RAD3013,Eldorado River
SRR11288989,heteromorphic,RAD3120,Holokuk River
SRR11288990,heteromorphic,RAD3119,Holokuk River
SRR11288991,heteromorphic,RAD3118,Holokuk River
SRR11288992,heteromorphic,RAD3117,Holokuk River
SRR11288993,heteromorphic,RAD3116,Holokuk River
SRR11288994,heteromorphic,RAD3115,Holokuk River
SRR11288995,heteromorphic,RAD3114,Holokuk River
SRR11288996,heteromorphic,RAD3113,Holokuk River
SRR11288997,heteromorphic,RAD3112,Holokuk River
SRR11288998,heteromorphic,RAD3111,Holokuk River
SRR11288999,heteromorphic,RAD3012,Eldorado River
SRR11289000,heteromorphic,RAD3110,Holokuk River
SRR11289001,heteromorphic,RAD3109,Holokuk River
SRR11289002,heteromorphic,RAD3108,Holokuk River
SRR11289003,heteromorphic,RAD3107,Holokuk River
SRR11289004,heteromorphic,RAD3106,Holokuk River
SRR11289005,heteromorphic,RAD3105,Holokuk River
SRR11289006,heteromorphic,RAD3104,Holokuk River
SRR11289007,heteromorphic,RAD3103,Holokuk River
SRR11289008,heteromorphic,RAD3102,Holokuk River
SRR11289009,heteromorphic,RAD3101,Holokuk River
SRR11289010,heteromorphic,RAD3011,Eldorado River
SRR11289011,heteromorphic,RAD3002,Eldorado River
SRR11289012,heteromorphic,RAD3001,Eldorado River