SampleID,Population,snail_ID,BioSample,Organism,DistAlongPath_m,sex
SRR7616361,Sweden,ANG101,SAMN09735521,Littorina saxatilis,65.4565481,female
SRR7616195,Sweden,ANG102,SAMN09735522,Littorina saxatilis,67.21820643,female
SRR7616196,Sweden,ANG103,SAMN09735523,Littorina saxatilis,65.49429513,female
SRR7616194,Sweden,ANG105,SAMN09735525,Littorina saxatilis,67.8365451,female
SRR7616191,Sweden,ANG106,SAMN09735526,Littorina saxatilis,66.63456719,male
SRR7616190,Sweden,ANG109,SAMN09735529,Littorina saxatilis,67.26462315,male
SRR7616188,Sweden,ANG112,SAMN09735531,Littorina saxatilis,65.58096029,male
SRR7616729,Sweden,ANG113,SAMN09735532,Littorina saxatilis,67.34345839,female
SRR7616727,Sweden,ANG115,SAMN09735534,Littorina saxatilis,67.89268359,female
SRR7616726,Sweden,ANG116,SAMN09735535,Littorina saxatilis,67.59545101,female
SRR7616725,Sweden,ANG117,SAMN09735536,Littorina saxatilis,66.92915659,female
SRR7616724,Sweden,ANG118,SAMN09735537,Littorina saxatilis,67.65015741,male
SRR7616723,Sweden,ANG119,SAMN09735538,Littorina saxatilis,66.82809393,female
SRR7616722,Sweden,ANG120,SAMN09735539,Littorina saxatilis,66.03438464,male
SRR7616775,Sweden,ANG121,SAMN09735540,Littorina saxatilis,67.12355737,female
SRR7616774,Sweden,ANG123,SAMN09735541,Littorina saxatilis,67.72830058,female
SRR7616541,Sweden,ANG124,SAMN09735542,Littorina saxatilis,66.75713657,male
SRR7616542,Sweden,ANG125,SAMN09735543,Littorina saxatilis,66.52438463,male
SRR7616543,Sweden,ANG126,SAMN09735544,Littorina saxatilis,66.83919322,female
SRR7616544,Sweden,ANG127,SAMN09735545,Littorina saxatilis,65.79175559,male
SRR7616545,Sweden,ANG129,SAMN09735546,Littorina saxatilis,66.24375681,female
SRR7616546,Sweden,ANG130,SAMN09735547,Littorina saxatilis,64.28554263,male
SRR7616547,Sweden,ANG131,SAMN09735548,Littorina saxatilis,62.81186175,female
SRR7616548,Sweden,ANG132,SAMN09735549,Littorina saxatilis,62.91651172,female
SRR7616290,Sweden,ANG133,SAMN09735550,Littorina saxatilis,64.35493028,female
SRR7616292,Sweden,ANG134,SAMN09735551,Littorina saxatilis,64.38125506,male
SRR7616319,Sweden,ANG135,SAMN09735552,Littorina saxatilis,64.81671018,male
SRR7616318,Sweden,ANG136,SAMN09735553,Littorina saxatilis,66.63022003,female
SRR7616443,Sweden,ANG137,SAMN09735554,Littorina saxatilis,66.53590764,female
SRR7616442,Sweden,ANG138,SAMN09735555,Littorina saxatilis,65.2430416,female
SRR7616445,Sweden,ANG140,SAMN09735556,Littorina saxatilis,64.48466831,male
SRR7616444,Sweden,ANG141,SAMN09735557,Littorina saxatilis,63.56092961,female
SRR7616447,Sweden,ANG143,SAMN09735558,Littorina saxatilis,64.63765046,female
SRR7616446,Sweden,ANG144,SAMN09735559,Littorina saxatilis,64.70127189,female
SRR7616333,Sweden,ANG145,SAMN09735560,Littorina saxatilis,65.49117563,male
SRR7616332,Sweden,ANG146,SAMN09735561,Littorina saxatilis,63.93488847,female
SRR7616243,Sweden,ANG147,SAMN09735562,Littorina saxatilis,64.69234075,male
SRR7616244,Sweden,ANG149,SAMN09735563,Littorina saxatilis,63.32221931,female
SRR7616241,Sweden,ANG150,SAMN09735564,Littorina saxatilis,62.83608444,female
SRR7616242,Sweden,ANG151,SAMN09735565,Littorina saxatilis,62.46153785,female
SRR7616247,Sweden,ANG152,SAMN09735566,Littorina saxatilis,61.89090794,female
SRR7616248,Sweden,ANG153,SAMN09735567,Littorina saxatilis,62.9093096,female
SRR7616528,Sweden,ANG154,SAMN09735568,Littorina saxatilis,62.46770351,male
SRR7616529,Sweden,ANG155,SAMN09735569,Littorina saxatilis,61.63296822,female
SRR7616530,Sweden,ANG156,SAMN09735570,Littorina saxatilis,63.07294063,male
SRR7616477,Sweden,ANG158,SAMN09735572,Littorina saxatilis,62.31478938,female
SRR7616476,Sweden,ANG159,SAMN09735573,Littorina saxatilis,61.99682207,male
SRR7616475,Sweden,ANG160,SAMN09735574,Littorina saxatilis,61.57430741,male
SRR7616474,Sweden,ANG161,SAMN09735575,Littorina saxatilis,61.0731491,male
SRR7616481,Sweden,ANG163,SAMN09735576,Littorina saxatilis,60.90736533,female
SRR7616480,Sweden,ANG164,SAMN09735577,Littorina saxatilis,60.69137807,female
SRR7616478,Sweden,ANG166,SAMN09735579,Littorina saxatilis,61.6603954,male
SRR7616410,Sweden,ANG167,SAMN09735580,Littorina saxatilis,63.08272901,male
SRR7616409,Sweden,ANG168,SAMN09735581,Littorina saxatilis,62.48543239,female
SRR7616623,Sweden,ANG169,SAMN09735582,Littorina saxatilis,63.11653615,female
SRR7616286,Sweden,ANG170,SAMN09735583,Littorina saxatilis,62.23633362,male
SRR7616287,Sweden,ANG171,SAMN09735584,Littorina saxatilis,61.98200871,male
SRR7616288,Sweden,ANG172,SAMN09735585,Littorina saxatilis,61.4558427,female
SRR7616281,Sweden,ANG173,SAMN09735586,Littorina saxatilis,61.07936143,male
SRR7616282,Sweden,ANG174,SAMN09735587,Littorina saxatilis,60.39057284,female
SRR7616283,Sweden,ANG175,SAMN09735588,Littorina saxatilis,60.67726037,female
SRR7616284,Sweden,ANG176,SAMN09735589,Littorina saxatilis,60.25692512,male
SRR7616277,Sweden,ANG177,SAMN09735590,Littorina saxatilis,60.12956759,male
SRR7616278,Sweden,ANG178,SAMN09735591,Littorina saxatilis,60.66315553,female
SRR7616181,Sweden,ANG179,SAMN09735592,Littorina saxatilis,62.05165194,female
SRR7616182,Sweden,ANG180,SAMN09735593,Littorina saxatilis,62.37827405,female
SRR7616179,Sweden,ANG181,SAMN09735594,Littorina saxatilis,59.62518447,male
SRR7616180,Sweden,ANG182,SAMN09735595,Littorina saxatilis,59.84670372,female
SRR7616185,Sweden,ANG183,SAMN09735596,Littorina saxatilis,60.86467442,male
SRR7616186,Sweden,ANG184,SAMN09735597,Littorina saxatilis,59.50322859,male
SRR7616183,Sweden,ANG185,SAMN09735598,Littorina saxatilis,58.82755166,male
SRR7616184,Sweden,ANG186,SAMN09735599,Littorina saxatilis,59.60652288,female
SRR7616177,Sweden,ANG187,SAMN09735600,Littorina saxatilis,59.59895156,female
SRR7616178,Sweden,ANG188,SAMN09735601,Littorina saxatilis,59.93483643,male
SRR7616347,Sweden,ANG189,SAMN09735602,Littorina saxatilis,59.20198441,male
SRR7616346,Sweden,ANG191,SAMN09735603,Littorina saxatilis,58.84295721,female
SRR7616349,Sweden,ANG192,SAMN09735604,Littorina saxatilis,58.94146739,female
SRR7616348,Sweden,ANG193,SAMN09735605,Littorina saxatilis,57.03809614,female
SRR7616351,Sweden,ANG194,SAMN09735606,Littorina saxatilis,58.12673257,male
SRR7616350,Sweden,ANG195,SAMN09735607,Littorina saxatilis,58.43680446,female
SRR7616353,Sweden,ANG196,SAMN09735608,Littorina saxatilis,59.54209944,male
SRR7616352,Sweden,ANG197,SAMN09735609,Littorina saxatilis,60.09727125,female
SRR7616345,Sweden,ANG198,SAMN09735610,Littorina saxatilis,59.31937543,female
SRR7616344,Sweden,ANG199,SAMN09735611,Littorina saxatilis,60.17681238,male
SRR7616466,Sweden,ANG200,SAMN09735612,Littorina saxatilis,59.30779979,female
SRR7616467,Sweden,ANG201,SAMN09735613,Littorina saxatilis,59.71621966,male
SRR7616468,Sweden,ANG202,SAMN09735614,Littorina saxatilis,59.29739421,female
SRR7616469,Sweden,ANG204,SAMN09735615,Littorina saxatilis,58.98421662,female
SRR7616470,Sweden,ANG205,SAMN09735616,Littorina saxatilis,57.55545789,female
SRR7616471,Sweden,ANG206,SAMN09735617,Littorina saxatilis,55.93309397,female
SRR7616472,Sweden,ANG207,SAMN09735618,Littorina saxatilis,56.15588893,male
SRR7616473,Sweden,ANG208,SAMN09735619,Littorina saxatilis,56.8917112,male
SRR7616420,Sweden,ANG209,SAMN09735620,Littorina saxatilis,57.52680697,male
SRR7616421,Sweden,ANG210,SAMN09735621,Littorina saxatilis,57.23651244,male
SRR7616672,Sweden,ANG211,SAMN09735622,Littorina saxatilis,56.91667454,male
SRR7616671,Sweden,ANG213,SAMN09735623,Littorina saxatilis,55.01368529,male
SRR7616670,Sweden,ANG214,SAMN09735624,Littorina saxatilis,54.69340067,female
SRR7616669,Sweden,ANG215,SAMN09735625,Littorina saxatilis,55.76040057,male
SRR7616668,Sweden,ANG217,SAMN09735626,Littorina saxatilis,53.89868369,male
SRR7616667,Sweden,ANG218,SAMN09735627,Littorina saxatilis,54.25447494,female
SRR7616666,Sweden,ANG219,SAMN09735628,Littorina saxatilis,54.03392524,female
SRR7616665,Sweden,ANG220,SAMN09735629,Littorina saxatilis,54.47239868,male
SRR7616664,Sweden,ANG221,SAMN09735630,Littorina saxatilis,54.21186152,male
SRR7616663,Sweden,ANG222,SAMN09735631,Littorina saxatilis,52.98690139,female
SRR7616760,Sweden,ANG223,SAMN09735632,Littorina saxatilis,53.00323972,male
SRR7616761,Sweden,ANG224,SAMN09735633,Littorina saxatilis,52.01161632,female
SRR7616758,Sweden,ANG225,SAMN09735634,Littorina saxatilis,51.49130379,male
SRR7616759,Sweden,ANG226,SAMN09735635,Littorina saxatilis,50.32453881,female
SRR7616756,Sweden,ANG227,SAMN09735636,Littorina saxatilis,49.84610246,female
SRR7616757,Sweden,ANG228,SAMN09735637,Littorina saxatilis,50.22690782,male
SRR7616754,Sweden,ANG229,SAMN09735638,Littorina saxatilis,51.28983725,female
SRR7616755,Sweden,ANG230,SAMN09735639,Littorina saxatilis,52.68488425,male
SRR7616762,Sweden,ANG231,SAMN09735640,Littorina saxatilis,50.68312636,male
SRR7616763,Sweden,ANG232,SAMN09735641,Littorina saxatilis,50.01403332,male
SRR7616620,Sweden,ANG233,SAMN09735642,Littorina saxatilis,50.63714262,female
SRR7616616,Sweden,ANG234,SAMN09735643,Littorina saxatilis,49.20038033,female
SRR7616279,Sweden,ANG236,SAMN09735645,Littorina saxatilis,49.83779156,female
SRR7616274,Sweden,ANG237,SAMN09735646,Littorina saxatilis,49.89300842,male
SRR7616273,Sweden,ANG238,SAMN09735647,Littorina saxatilis,48.84735547,female
SRR7616276,Sweden,ANG239,SAMN09735648,Littorina saxatilis,49.15983918,female
SRR7616275,Sweden,ANG240,SAMN09735649,Littorina saxatilis,46.94879549,female
SRR7616624,Sweden,ANG241,SAMN09735650,Littorina saxatilis,48.13024487,female
SRR7616285,Sweden,ANG242,SAMN09735651,Littorina saxatilis,48.3098033,male
SRR7616395,Sweden,ANG243,SAMN09735652,Littorina saxatilis,47.38743443,female
SRR7616396,Sweden,ANG244,SAMN09735653,Littorina saxatilis,45.03195482,female
SRR7616397,Sweden,ANG245,SAMN09735654,Littorina saxatilis,45.61365816,female
SRR7616398,Sweden,ANG246,SAMN09735655,Littorina saxatilis,47.47379551,male
SRR7616391,Sweden,ANG247,SAMN09735656,Littorina saxatilis,46.24462926,female
SRR7616392,Sweden,ANG248,SAMN09735657,Littorina saxatilis,47.12537599,male
SRR7616393,Sweden,ANG249,SAMN09735658,Littorina saxatilis,45.84052899,female
SRR7616394,Sweden,ANG250,SAMN09735659,Littorina saxatilis,46.11526549,male
SRR7616387,Sweden,ANG251,SAMN09735660,Littorina saxatilis,8.989725294,female
SRR7616551,Sweden,ANG252,SAMN09735661,Littorina saxatilis,6.578057236,male
SRR7616571,Sweden,ANG253,SAMN09735662,Littorina saxatilis,7.191710248,male
SRR7616570,Sweden,ANG254,SAMN09735663,Littorina saxatilis,8.520774006,female
SRR7616569,Sweden,ANG255,SAMN09735664,Littorina saxatilis,5.492682088,female
SRR7616568,Sweden,ANG256,SAMN09735665,Littorina saxatilis,6.473349333,female
SRR7616575,Sweden,ANG257,SAMN09735666,Littorina saxatilis,7.566994132,male
SRR7616574,Sweden,ANG259,SAMN09735667,Littorina saxatilis,4.916443827,female
SRR7616573,Sweden,ANG260,SAMN09735668,Littorina saxatilis,4.707269737,female
SRR7616572,Sweden,ANG261,SAMN09735669,Littorina saxatilis,3.935771682,female
SRR7616563,Sweden,ANG262,SAMN09735670,Littorina saxatilis,4.384085574,female
SRR7616562,Sweden,ANG263,SAMN09735671,Littorina saxatilis,6.094104292,female
SRR7616359,Sweden,ANG264,SAMN09735672,Littorina saxatilis,2.953925008,female
SRR7616360,Sweden,ANG265,SAMN09735673,Littorina saxatilis,1.447879634,male
SRR7616357,Sweden,ANG266,SAMN09735674,Littorina saxatilis,1.119892852,female
SRR7616358,Sweden,ANG267,SAMN09735675,Littorina saxatilis,1.398238897,male
SRR7616363,Sweden,ANG268,SAMN09735676,Littorina saxatilis,1.269946419,female
SRR7616364,Sweden,ANG269,SAMN09735677,Littorina saxatilis,2.71424457,female
SRR7616509,Sweden,ANG270,SAMN09735678,Littorina saxatilis,1.731621236,female
SRR7616533,Sweden,ANG275,SAMN09735683,Littorina saxatilis,64.67001437,female
SRR7616536,Sweden,ANG277,SAMN09735684,Littorina saxatilis,67.53362738,female
