SampleID,Population,snail_ID,BioSample,Organism,DistAlongPath_m,sex
SRR7616464,Sweden,ANG370,SAMN09735739,Littorina saxatilis,88.79848477,female
SRR7616748,Sweden,ANG401,SAMN09735757,Littorina saxatilis,89.55268749,female
SRR7616747,Sweden,ANG405,SAMN09735758,Littorina saxatilis,93.04805814,female
SRR7616791,Sweden,ANG407,SAMN09735759,Littorina saxatilis,93.2309945,female
SRR7616745,Sweden,ANG408,SAMN09735760,Littorina saxatilis,93.2325196,male
SRR7616744,Sweden,ANG415,SAMN09735761,Littorina saxatilis,93.64909907,female
SRR7616560,Sweden,ANG418,SAMN09735762,Littorina saxatilis,93.7706404,male
SRR7616561,Sweden,ANG419,SAMN09735763,Littorina saxatilis,93.7706404,female
SRR7616294,Sweden,ANG422,SAMN09735764,Littorina saxatilis,93.97499712,male
SRR7616227,Sweden,ANG423,SAMN09735765,Littorina saxatilis,93.99788475,female
SRR7616564,Sweden,ANG425,SAMN09735766,Littorina saxatilis,94.16964032,female
SRR7616565,Sweden,ANG426,SAMN09735767,Littorina saxatilis,94.22514393,female
SRR7616566,Sweden,ANG429,SAMN09735768,Littorina saxatilis,94.22730712,female
SRR7616567,Sweden,ANG430,SAMN09735769,Littorina saxatilis,94.25076558,female
SRR7616354,Sweden,ANG435,SAMN09735770,Littorina saxatilis,94.42333666,male
SRR7616355,Sweden,ANG436,SAMN09735771,Littorina saxatilis,94.43488835,male
SRR7616594,Sweden,ANG437,SAMN09735772,Littorina saxatilis,95.6490122,male
SRR7616593,Sweden,ANG438,SAMN09735773,Littorina saxatilis,95.64686105,female
SRR7616596,Sweden,ANG439,SAMN09735774,Littorina saxatilis,95.49753769,female
SRR7616595,Sweden,ANG441,SAMN09735775,Littorina saxatilis,96.09884784,male
SRR7616590,Sweden,ANG442,SAMN09735776,Littorina saxatilis,95.88914982,male
SRR7616589,Sweden,ANG443,SAMN09735777,Littorina saxatilis,95.88914982,male
SRR7616592,Sweden,ANG444,SAMN09735778,Littorina saxatilis,95.96445547,female
SRR7616591,Sweden,ANG446,SAMN09735779,Littorina saxatilis,95.48317594,female
SRR7616588,Sweden,ANG447,SAMN09735780,Littorina saxatilis,95.34230512,male
SRR7616587,Sweden,ANG448,SAMN09735781,Littorina saxatilis,95.53798041,male
SRR7616418,Sweden,ANG450,SAMN09735782,Littorina saxatilis,98.24974206,female
SRR7616419,Sweden,ANG452,SAMN09735783,Littorina saxatilis,97.45225859,male
SRR7616416,Sweden,ANG453,SAMN09735784,Littorina saxatilis,97.57067061,female
SRR7616417,Sweden,ANG455,SAMN09735785,Littorina saxatilis,98.28560465,female
SRR7616415,Sweden,ANG458,SAMN09735787,Littorina saxatilis,98.35304788,male
SRR7616412,Sweden,ANG461,SAMN09735788,Littorina saxatilis,98.34997902,male
SRR7616413,Sweden,ANG464,SAMN09735789,Littorina saxatilis,98.64013742,male
SRR7616633,Sweden,ANG465,SAMN09735790,Littorina saxatilis,98.03946756,male
SRR7616411,Sweden,ANG467,SAMN09735791,Littorina saxatilis,101.4965678,female
SRR7616606,Sweden,ANG469,SAMN09735792,Littorina saxatilis,101.3177302,female
SRR7616607,Sweden,ANG470,SAMN09735793,Littorina saxatilis,101.7983039,female
SRR7616609,Sweden,ANG472,SAMN09735795,Littorina saxatilis,103.4158757,female
SRR7616602,Sweden,ANG473,SAMN09735796,Littorina saxatilis,103.4187889,male
SRR7616603,Sweden,ANG475,SAMN09735797,Littorina saxatilis,103.1111129,female
SRR7616604,Sweden,ANG478,SAMN09735798,Littorina saxatilis,103.6111225,female
SRR7616605,Sweden,ANG479,SAMN09735799,Littorina saxatilis,103.6081257,female
SRR7616599,Sweden,ANG480,SAMN09735800,Littorina saxatilis,103.6119893,female
SRR7616600,Sweden,ANG481,SAMN09735801,Littorina saxatilis,103.9612761,female
SRR7616781,Sweden,ANG483,SAMN09735802,Littorina saxatilis,104.5182905,female
SRR7616780,Sweden,ANG484,SAMN09735803,Littorina saxatilis,104.5188214,female
SRR7616779,Sweden,ANG488,SAMN09735804,Littorina saxatilis,104.9474177,female
SRR7616778,Sweden,ANG489,SAMN09735805,Littorina saxatilis,105.23189,female
SRR7616785,Sweden,ANG490,SAMN09735806,Littorina saxatilis,105.1810467,male
SRR7616784,Sweden,ANG495,SAMN09735807,Littorina saxatilis,106.3289604,male
SRR7616783,Sweden,ANG496,SAMN09735808,Littorina saxatilis,106.3636994,female
SRR7616782,Sweden,ANG497,SAMN09735809,Littorina saxatilis,106.6998058,male
SRR7616777,Sweden,ANG499,SAMN09735810,Littorina saxatilis,106.8666143,female
SRR7616776,Sweden,ANG501,SAMN09735811,Littorina saxatilis,107.4606045,male
SRR7616301,Sweden,ANG502,SAMN09735812,Littorina saxatilis,107.3175994,female
SRR7616302,Sweden,ANG503,SAMN09735813,Littorina saxatilis,107.0736028,male
SRR7616708,Sweden,ANG506,SAMN09735814,Littorina saxatilis,107.5724329,female
SRR7616300,Sweden,ANG507,SAMN09735815,Littorina saxatilis,107.6513395,male
SRR7616297,Sweden,ANG509,SAMN09735816,Littorina saxatilis,108.0937417,male
SRR7616298,Sweden,ANG513,SAMN09735817,Littorina saxatilis,109.010157,female
SRR7616295,Sweden,ANG514,SAMN09735818,Littorina saxatilis,109.0953291,female
SRR7616296,Sweden,ANG518,SAMN09735819,Littorina saxatilis,109.1322701,female
SRR7616304,Sweden,ANG520,SAMN09735820,Littorina saxatilis,109.0480799,male
SRR7616305,Sweden,ANG523,SAMN09735821,Littorina saxatilis,110.1666863,female
SRR7616422,Sweden,ANG527,SAMN09735822,Littorina saxatilis,111.0273806,male
SRR7616513,Sweden,ANG528,SAMN09735823,Littorina saxatilis,111.5345994,female
SRR7616490,Sweden,ANG529,SAMN09735824,Littorina saxatilis,111.8137224,male
SRR7616489,Sweden,ANG535,SAMN09735825,Littorina saxatilis,128.8074039,female
SRR7616484,Sweden,ANG536,SAMN09735826,Littorina saxatilis,128.8861402,male
SRR7616483,Sweden,ANG539,SAMN09735827,Littorina saxatilis,129.1777956,female
SRR7616486,Sweden,ANG540,SAMN09735828,Littorina saxatilis,129.30025,female
SRR7616485,Sweden,ANG541,SAMN09735829,Littorina saxatilis,129.4819448,male
SRR7616527,Sweden,ANG544,SAMN09735830,Littorina saxatilis,129.9252793,female
SRR7616526,Sweden,ANG545,SAMN09735831,Littorina saxatilis,130.0720804,female
SRR7616675,Sweden,ANG546,SAMN09735832,Littorina saxatilis,130.2386212,female
SRR7616676,Sweden,ANG548,SAMN09735833,Littorina saxatilis,130.3767606,female
SRR7616306,Sweden,ANG549,SAMN09735834,Littorina saxatilis,130.6463826,male
SRR7616312,Sweden,ANG554,SAMN09735835,Littorina saxatilis,133.3994317,female
SRR7616679,Sweden,ANG555,SAMN09735836,Littorina saxatilis,134.571403,female
SRR7616680,Sweden,ANG556,SAMN09735837,Littorina saxatilis,134.8185256,male
SRR7616681,Sweden,ANG557,SAMN09735838,Littorina saxatilis,135.1791823,male
SRR7616682,Sweden,ANG558,SAMN09735839,Littorina saxatilis,135.6330355,female
SRR7616316,Sweden,ANG560,SAMN09735840,Littorina saxatilis,136.4467774,male
SRR7616317,Sweden,ANG563,SAMN09735841,Littorina saxatilis,138.9684624,female
SRR7616206,Sweden,ANG564,SAMN09735842,Littorina saxatilis,139.9074511,female
SRR7616205,Sweden,ANG565,SAMN09735843,Littorina saxatilis,140.6601641,male
SRR7616204,Sweden,ANG566,SAMN09735844,Littorina saxatilis,141.0990103,female
SRR7616203,Sweden,ANG567,SAMN09735845,Littorina saxatilis,142.1090505,male
SRR7616202,Sweden,ANG570,SAMN09735846,Littorina saxatilis,143.0349889,male
SRR7616201,Sweden,ANG574,SAMN09735847,Littorina saxatilis,144.6201782,female
SRR7616200,Sweden,ANG575,SAMN09735848,Littorina saxatilis,146.1183569,female
SRR7616199,Sweden,ANG577,SAMN09735849,Littorina saxatilis,146.0608021,female
SRR7616198,Sweden,ANG581,SAMN09735850,Littorina saxatilis,150.8686968,male
SRR7616197,Sweden,ANG582,SAMN09735851,Littorina saxatilis,152.2078875,male
SRR7616377,Sweden,ANG585,SAMN09735852,Littorina saxatilis,152.647239,male
SRR7616378,Sweden,ANG589,SAMN09735853,Littorina saxatilis,151.8636169,male
SRR7616376,Sweden,ANG591,SAMN09735855,Littorina saxatilis,151.6638803,female
SRR7616381,Sweden,ANG592,SAMN09735856,Littorina saxatilis,152.039132,male
SRR7616382,Sweden,ANG593,SAMN09735857,Littorina saxatilis,152.1009048,male
SRR7616379,Sweden,ANG595,SAMN09735858,Littorina saxatilis,152.7672364,female
