SampleID,Species,Population,sex_region,sex
POL-GDY-10,Pungitius pungitius,POL-GDY,LG3,Female
POL-GDY-11,Pungitius pungitius,POL-GDY,LG3,Male
POL-GDY-13,Pungitius pungitius,POL-GDY,LG3,Female
POL-GDY-14,Pungitius pungitius,POL-GDY,LG3,Female
POL-GDY-15,Pungitius pungitius,POL-GDY,LG3,Male
POL-GDY-16,Pungitius pungitius,POL-GDY,LG12,Male
POL-GDY-2,Pungitius pungitius,POL-GDY,LG3,Female
POL-GDY-20,Pungitius pungitius,POL-GDY,LG3,Male
POL-GDY-21,Pungitius pungitius,POL-GDY,LG3,Female
POL-GDY-23,Pungitius pungitius,POL-GDY,LG3,Male
POL-GDY-24,Pungitius pungitius,POL-GDY,LG3,Male
POL-GDY-25,Pungitius pungitius,POL-GDY,LG3,Male
POL-GDY-26,Pungitius pungitius,POL-GDY,LG3,Male
POL-GDY-27,Pungitius pungitius,POL-GDY,LG3,Female
POL-GDY-4,Pungitius pungitius,POL-GDY,LG3,Male
POL-GDY-5,Pungitius pungitius,POL-GDY,LG3,Female
POL-GDY-6,Pungitius pungitius,POL-GDY,LG3,Female
POL-GDY-7,Pungitius pungitius,POL-GDY,LG3,Male
POL-GDY-8,Pungitius pungitius,POL-GDY,LG3,Male
POL-GDY-9,Pungitius pungitius,POL-GDY,LG3,Female
