SampleID,Species,Population,sex_region,sex
1-f,Pungitius pungitius,FIN-HEL,LG12,Female
10-f,Pungitius pungitius,FIN-HEL,LG12,Female
11-m-1,Pungitius pungitius,FIN-HEL,LG12,Male
13-m-1,Pungitius pungitius,FIN-HEL,LG12,Male
16-f,Pungitius pungitius,FIN-HEL,LG12,Female
17-m-1,Pungitius pungitius,FIN-HEL,LG12,Male
18-f,Pungitius pungitius,FIN-HEL,LG12,Female
19-f,Pungitius pungitius,FIN-HEL,LG12,Female
2-f,Pungitius pungitius,FIN-HEL,LG12,Female
20-m-1,Pungitius pungitius,FIN-HEL,LG12,Male
21-f,Pungitius pungitius,FIN-HEL,LG12,Female
23-f,Pungitius pungitius,FIN-HEL,LG12,Female
24-m-1,Pungitius pungitius,FIN-HEL,LG12,Male
26-m-1,Pungitius pungitius,FIN-HEL,LG12,Male
29-m-1,Pungitius pungitius,FIN-HEL,LG12,Male
33-m-1,Pungitius pungitius,FIN-HEL,LG12,Male
34-m-1,Pungitius pungitius,FIN-HEL,LG12,Male
35-m-1,Pungitius pungitius,FIN-HEL,LG12,Male
50-f,Pungitius pungitius,FIN-HEL,LG12,Female
7-f,Pungitius pungitius,FIN-HEL,LG12,Female
8-f,Pungitius pungitius,FIN-HEL,LG12,Female
85-m-2,Pungitius pungitius,FIN-HEL,LG12,Male
DEN-RES-1,Pungitius pungitius,DEN-RES,LG12,unknown
DEN-RES-10,Pungitius pungitius,DEN-RES,LG12,unknown
DEN-RES-12,Pungitius pungitius,DEN-RES,LG12,unknown
DEN-RES-13,Pungitius pungitius,DEN-RES,LG12,unknown
DEN-RES-14,Pungitius pungitius,DEN-RES,LG12,unknown
DEN-RES-15,Pungitius pungitius,DEN-RES,LG12,unknown
DEN-RES-16,Pungitius pungitius,DEN-RES,LG12,unknown
DEN-RES-17,Pungitius pungitius,DEN-RES,LG12,unknown
DEN-RES-18,Pungitius pungitius,DEN-RES,LG12,unknown
DEN-RES-21,Pungitius pungitius,DEN-RES,LG12,unknown
DEN-RES-22,Pungitius pungitius,DEN-RES,LG12,unknown
DEN-RES-23,Pungitius pungitius,DEN-RES,LG12,unknown
DEN-RES-24,Pungitius pungitius,DEN-RES,LG12,unknown
DEN-RES-25,Pungitius pungitius,DEN-RES,LG12,unknown
DEN-RES-26,Pungitius pungitius,DEN-RES,LG12,unknown
DEN-RES-27,Pungitius pungitius,DEN-RES,LG12,unknown
DEN-RES-28,Pungitius pungitius,DEN-RES,LG12,unknown
DEN-RES-31,Pungitius pungitius,DEN-RES,LG12,unknown
DEN-RES-4,Pungitius pungitius,DEN-RES,LG12,unknown
DEN-RES-6,Pungitius pungitius,DEN-RES,LG12,unknown
EST-PUR-1,Pungitius pungitius,EST-PUR,LG12,unknown
EST-PUR-10,Pungitius pungitius,EST-PUR,LG12,unknown
EST-PUR-11,Pungitius pungitius,EST-PUR,LG12,unknown
EST-PUR-12,Pungitius pungitius,EST-PUR,LG12,unknown
EST-PUR-13,Pungitius pungitius,EST-PUR,LG12,unknown
EST-PUR-14,Pungitius pungitius,EST-PUR,LG12,unknown
EST-PUR-15,Pungitius pungitius,EST-PUR,LG12,unknown
EST-PUR-16,Pungitius pungitius,EST-PUR,LG12,unknown
EST-PUR-17,Pungitius pungitius,EST-PUR,LG12,unknown
EST-PUR-19,Pungitius pungitius,EST-PUR,LG12,unknown
EST-PUR-2,Pungitius pungitius,EST-PUR,LG12,unknown
EST-PUR-20,Pungitius pungitius,EST-PUR,LG12,unknown
EST-PUR-3,Pungitius pungitius,EST-PUR,LG12,unknown
EST-PUR-4,Pungitius pungitius,EST-PUR,LG12,unknown
EST-PUR-5,Pungitius pungitius,EST-PUR,LG12,unknown
EST-PUR-6,Pungitius pungitius,EST-PUR,LG12,unknown
EST-PUR-7,Pungitius pungitius,EST-PUR,LG12,unknown
EST-PUR-8,Pungitius pungitius,EST-PUR,LG12,unknown
EST-PUR-9,Pungitius pungitius,EST-PUR,LG12,unknown
FIN-HAM-10,Pungitius pungitius,FIN-HAM,LG12,unknown
FIN-HAM-11,Pungitius pungitius,FIN-HAM,LG12,unknown
FIN-HAM-12,Pungitius pungitius,FIN-HAM,LG12,unknown
FIN-HAM-13,Pungitius pungitius,FIN-HAM,LG12,unknown
FIN-HAM-15,Pungitius pungitius,FIN-HAM,LG12,unknown
FIN-HAM-17,Pungitius pungitius,FIN-HAM,LG12,unknown
FIN-HAM-24,Pungitius pungitius,FIN-HAM,LG12,unknown
FIN-HAM-25,Pungitius pungitius,FIN-HAM,LG12,unknown
FIN-HAM-3,Pungitius pungitius,FIN-HAM,LG12,unknown
FIN-HAM-30,Pungitius pungitius,FIN-HAM,LG12,unknown
FIN-HAM-33,Pungitius pungitius,FIN-HAM,LG12,unknown
FIN-HAM-36,Pungitius pungitius,FIN-HAM,LG12,unknown
FIN-HAM-39,Pungitius pungitius,FIN-HAM,LG12,unknown
FIN-HAM-41,Pungitius pungitius,FIN-HAM,LG12,unknown
FIN-HAM-42,Pungitius pungitius,FIN-HAM,LG12,unknown
FIN-HAM-45,Pungitius pungitius,FIN-HAM,LG12,unknown
FIN-HAM-49,Pungitius pungitius,FIN-HAM,LG12,unknown
FIN-HAM-7,Pungitius pungitius,FIN-HAM,LG12,unknown
FIN-HAM-8,Pungitius pungitius,FIN-HAM,LG12,unknown
FIN-HAM-9,Pungitius pungitius,FIN-HAM,LG12,unknown
FIN-KAR-15,Pungitius pungitius,FIN-KAR,LG12,unknown
FIN-KAR-18,Pungitius pungitius,FIN-KAR,LG12,unknown
FIN-KAR-20,Pungitius pungitius,FIN-KAR,LG12,unknown
FIN-KAR-26,Pungitius pungitius,FIN-KAR,LG12,unknown
FIN-KAR-33,Pungitius pungitius,FIN-KAR,LG12,unknown
FIN-KAR-34,Pungitius pungitius,FIN-KAR,LG12,unknown
FIN-KAR-35,Pungitius pungitius,FIN-KAR,LG12,unknown
FIN-KAR-42,Pungitius pungitius,FIN-KAR,LG12,unknown
FIN-KAR-44,Pungitius pungitius,FIN-KAR,LG12,unknown
FIN-KAR-46,Pungitius pungitius,FIN-KAR,LG12,unknown
FIN-KAR-49,Pungitius pungitius,FIN-KAR,LG12,unknown
FIN-KAR-5,Pungitius pungitius,FIN-KAR,LG12,unknown
FIN-KAR-50,Pungitius pungitius,FIN-KAR,LG12,unknown
FIN-KAR-53,Pungitius pungitius,FIN-KAR,LG12,unknown
FIN-KAR-54,Pungitius pungitius,FIN-KAR,LG12,unknown
FIN-KAR-57,Pungitius pungitius,FIN-KAR,LG12,unknown
FIN-KAR-58,Pungitius pungitius,FIN-KAR,LG12,unknown
FIN-KAR-6,Pungitius pungitius,FIN-KAR,LG12,unknown
FIN-KAR-7,Pungitius pungitius,FIN-KAR,LG12,unknown
FIN-KAR-8,Pungitius pungitius,FIN-KAR,LG12,unknown
FIN-KEV-1,Pungitius pungitius,FIN-KEV,LG12,unknown
FIN-KEV-11,Pungitius pungitius,FIN-KEV,LG12,unknown
FIN-KEV-14,Pungitius pungitius,FIN-KEV,LG12,unknown
FIN-KEV-16,Pungitius pungitius,FIN-KEV,LG12,unknown
FIN-KEV-18,Pungitius pungitius,FIN-KEV,LG12,unknown
FIN-KEV-2,Pungitius pungitius,FIN-KEV,LG12,unknown
FIN-KEV-20,Pungitius pungitius,FIN-KEV,LG12,unknown
FIN-KEV-21,Pungitius pungitius,FIN-KEV,LG12,unknown
FIN-KEV-3,Pungitius pungitius,FIN-KEV,LG12,unknown
FIN-KEV-30,Pungitius pungitius,FIN-KEV,LG12,unknown
FIN-KEV-32,Pungitius pungitius,FIN-KEV,LG12,unknown
FIN-KEV-33,Pungitius pungitius,FIN-KEV,LG12,unknown
FIN-KEV-35,Pungitius pungitius,FIN-KEV,LG12,unknown
FIN-KEV-36,Pungitius pungitius,FIN-KEV,LG12,unknown
FIN-KEV-37,Pungitius pungitius,FIN-KEV,LG12,unknown
FIN-KEV-38,Pungitius pungitius,FIN-KEV,LG12,unknown
FIN-KEV-4,Pungitius pungitius,FIN-KEV,LG12,unknown
FIN-KEV-5,Pungitius pungitius,FIN-KEV,LG12,unknown
FIN-KEV-8,Pungitius pungitius,FIN-KEV,LG12,unknown
FIN-KEV-9,Pungitius pungitius,FIN-KEV,LG12,unknown
FIN-KIV-1,Pungitius pungitius,FIN-KIV,LG12,unknown
FIN-KIV-10,Pungitius pungitius,FIN-KIV,LG12,unknown
FIN-KIV-11,Pungitius pungitius,FIN-KIV,LG12,unknown
FIN-KIV-12,Pungitius pungitius,FIN-KIV,LG12,unknown
FIN-KIV-13,Pungitius pungitius,FIN-KIV,LG12,unknown
FIN-KIV-14,Pungitius pungitius,FIN-KIV,LG12,unknown
FIN-KIV-15,Pungitius pungitius,FIN-KIV,LG12,unknown
FIN-KIV-16,Pungitius pungitius,FIN-KIV,LG12,unknown
FIN-KIV-18,Pungitius pungitius,FIN-KIV,LG12,unknown
FIN-KIV-19,Pungitius pungitius,FIN-KIV,LG12,unknown
FIN-KIV-2,Pungitius pungitius,FIN-KIV,LG12,unknown
FIN-KIV-25,Pungitius pungitius,FIN-KIV,LG12,unknown
FIN-KIV-28,Pungitius pungitius,FIN-KIV,LG12,unknown
FIN-KIV-3,Pungitius pungitius,FIN-KIV,LG12,unknown
FIN-KIV-32,Pungitius pungitius,FIN-KIV,LG12,unknown
FIN-KIV-5,Pungitius pungitius,FIN-KIV,LG12,unknown
FIN-KIV-6,Pungitius pungitius,FIN-KIV,LG12,unknown
FIN-KIV-7,Pungitius pungitius,FIN-KIV,LG12,unknown
FIN-KIV-8,Pungitius pungitius,FIN-KIV,LG12,unknown
FIN-KRK-33,Pungitius pungitius,FIN-KRK,LG12,unknown
FIN-KRK-35,Pungitius pungitius,FIN-KRK,LG12,unknown
FIN-KRK-42,Pungitius pungitius,FIN-KRK,LG12,unknown
FIN-KRK-44,Pungitius pungitius,FIN-KRK,LG12,unknown
FIN-KRK-45,Pungitius pungitius,FIN-KRK,LG12,unknown
FIN-KRK-46,Pungitius pungitius,FIN-KRK,LG12,unknown
FIN-KRK-48,Pungitius pungitius,FIN-KRK,LG12,unknown
FIN-KRK-50,Pungitius pungitius,FIN-KRK,LG12,unknown
FIN-KRK-51,Pungitius pungitius,FIN-KRK,LG12,unknown
FIN-KRK-52,Pungitius pungitius,FIN-KRK,LG12,unknown
FIN-KRK-53,Pungitius pungitius,FIN-KRK,LG12,unknown
FIN-KRK-54,Pungitius pungitius,FIN-KRK,LG12,unknown
FIN-KRK-55,Pungitius pungitius,FIN-KRK,LG12,unknown
FIN-KRK-57,Pungitius pungitius,FIN-KRK,LG12,unknown
FIN-KRK-58,Pungitius pungitius,FIN-KRK,LG12,unknown
FIN-KRK-63,Pungitius pungitius,FIN-KRK,LG12,unknown
FIN-KRK-66,Pungitius pungitius,FIN-KRK,LG12,unknown
FIN-KRK-75,Pungitius pungitius,FIN-KRK,LG12,unknown
FIN-KRK-76,Pungitius pungitius,FIN-KRK,LG12,unknown
FIN-KRK-78,Pungitius pungitius,FIN-KRK,LG12,unknown
FIN-PUL-1,Pungitius pungitius,FIN-PUL,LG12,unknown
FIN-PUL-10,Pungitius pungitius,FIN-PUL,LG12,unknown
FIN-PUL-11,Pungitius pungitius,FIN-PUL,LG12,unknown
FIN-PUL-12,Pungitius pungitius,FIN-PUL,LG12,unknown
FIN-PUL-13,Pungitius pungitius,FIN-PUL,LG12,unknown
FIN-PUL-14,Pungitius pungitius,FIN-PUL,LG12,unknown
FIN-PUL-17,Pungitius pungitius,FIN-PUL,LG12,unknown
FIN-PUL-19,Pungitius pungitius,FIN-PUL,LG12,unknown
FIN-PUL-2,Pungitius pungitius,FIN-PUL,LG12,unknown
FIN-PUL-20,Pungitius pungitius,FIN-PUL,LG12,unknown
FIN-PUL-21,Pungitius pungitius,FIN-PUL,LG12,unknown
FIN-PUL-3,Pungitius pungitius,FIN-PUL,LG12,unknown
FIN-PUL-4,Pungitius pungitius,FIN-PUL,LG12,unknown
FIN-PUL-5,Pungitius pungitius,FIN-PUL,LG12,unknown
FIN-PUL-6,Pungitius pungitius,FIN-PUL,LG12,unknown
FIN-PUL-7,Pungitius pungitius,FIN-PUL,LG12,unknown
FIN-PUL-9,Pungitius pungitius,FIN-PUL,LG12,unknown
FIN-PYO-1,Pungitius pungitius,FIN-PYO,LG12,unknown
FIN-PYO-12,Pungitius pungitius,FIN-PYO,LG12,unknown
FIN-PYO-13,Pungitius pungitius,FIN-PYO,LG12,unknown
FIN-PYO-17,Pungitius pungitius,FIN-PYO,LG12,unknown
FIN-PYO-18,Pungitius pungitius,FIN-PYO,LG12,unknown
FIN-PYO-2,Pungitius pungitius,FIN-PYO,LG12,unknown
FIN-PYO-20,Pungitius pungitius,FIN-PYO,LG12,unknown
FIN-PYO-21,Pungitius pungitius,FIN-PYO,LG12,unknown
FIN-PYO-22,Pungitius pungitius,FIN-PYO,LG12,unknown
FIN-PYO-24,Pungitius pungitius,FIN-PYO,LG12,unknown
FIN-PYO-25,Pungitius pungitius,FIN-PYO,LG12,unknown
FIN-PYO-26,Pungitius pungitius,FIN-PYO,LG12,unknown
FIN-PYO-27,Pungitius pungitius,FIN-PYO,LG12,unknown
FIN-PYO-29,Pungitius pungitius,FIN-PYO,LG12,unknown
FIN-PYO-30,Pungitius pungitius,FIN-PYO,LG12,unknown
FIN-PYO-31,Pungitius pungitius,FIN-PYO,LG12,unknown
FIN-PYO-33,Pungitius pungitius,FIN-PYO,LG12,unknown
FIN-PYO-34,Pungitius pungitius,FIN-PYO,LG12,unknown
FIN-PYO-4,Pungitius pungitius,FIN-PYO,LG12,unknown
FIN-PYO-48,Pungitius pungitius,FIN-PYO,LG12,unknown
FIN-PYO-49,Pungitius pungitius,FIN-PYO,LG12,unknown
FIN-PYO-5,Pungitius pungitius,FIN-PYO,LG12,unknown
FIN-PYO-50,Pungitius pungitius,FIN-PYO,LG12,unknown
FIN-PYO-56,Pungitius pungitius,FIN-PYO,LG12,unknown
FIN-PYO-57,Pungitius pungitius,FIN-PYO,LG12,unknown
FIN-PYO-58,Pungitius pungitius,FIN-PYO,LG12,unknown
FIN-PYO-59,Pungitius pungitius,FIN-PYO,LG12,unknown
FIN-PYO-6,Pungitius pungitius,FIN-PYO,LG12,unknown
FIN-PYO-A35,Pungitius pungitius,FIN-PYO,LG12,unknown
FIN-PYO-B35,Pungitius pungitius,FIN-PYO,LG12,unknown
FIN-RII-1,Pungitius pungitius,FIN-RII,LG12,unknown
FIN-RII-10,Pungitius pungitius,FIN-RII,LG12,unknown
FIN-RII-11,Pungitius pungitius,FIN-RII,LG12,unknown
FIN-RII-12,Pungitius pungitius,FIN-RII,LG12,unknown
FIN-RII-13,Pungitius pungitius,FIN-RII,LG12,unknown
FIN-RII-14,Pungitius pungitius,FIN-RII,LG12,unknown
FIN-RII-15,Pungitius pungitius,FIN-RII,LG12,unknown
FIN-RII-16,Pungitius pungitius,FIN-RII,LG12,unknown
FIN-RII-17,Pungitius pungitius,FIN-RII,LG12,unknown
FIN-RII-18,Pungitius pungitius,FIN-RII,LG12,unknown
FIN-RII-19,Pungitius pungitius,FIN-RII,LG12,unknown
FIN-RII-2,Pungitius pungitius,FIN-RII,LG12,unknown
FIN-RII-20,Pungitius pungitius,FIN-RII,LG12,unknown
FIN-RII-21,Pungitius pungitius,FIN-RII,LG12,unknown
FIN-RII-22,Pungitius pungitius,FIN-RII,LG12,unknown
FIN-RII-24,Pungitius pungitius,FIN-RII,LG12,unknown
FIN-RII-3,Pungitius pungitius,FIN-RII,LG12,unknown
FIN-RII-4,Pungitius pungitius,FIN-RII,LG12,unknown
FIN-RII-5,Pungitius pungitius,FIN-RII,LG12,unknown
FIN-RII-6,Pungitius pungitius,FIN-RII,LG12,unknown
FIN-RII-7,Pungitius pungitius,FIN-RII,LG12,unknown
FIN-RII-8,Pungitius pungitius,FIN-RII,LG12,unknown
FIN-RII-9,Pungitius pungitius,FIN-RII,LG12,unknown
FIN-RYT-1,Pungitius pungitius,FIN-RYT,LG12,unknown
FIN-RYT-106,Pungitius pungitius,FIN-RYT,LG12,unknown
FIN-RYT-12,Pungitius pungitius,FIN-RYT,LG12,unknown
FIN-RYT-13,Pungitius pungitius,FIN-RYT,LG12,unknown
FIN-RYT-15,Pungitius pungitius,FIN-RYT,LG12,unknown
FIN-RYT-16,Pungitius pungitius,FIN-RYT,LG12,unknown
FIN-RYT-17,Pungitius pungitius,FIN-RYT,LG12,unknown
FIN-RYT-18,Pungitius pungitius,FIN-RYT,LG12,unknown
FIN-RYT-23,Pungitius pungitius,FIN-RYT,LG12,unknown
FIN-RYT-24,Pungitius pungitius,FIN-RYT,LG12,unknown
FIN-RYT-3,Pungitius pungitius,FIN-RYT,LG12,unknown
FIN-RYT-34,Pungitius pungitius,FIN-RYT,LG12,unknown
FIN-RYT-5,Pungitius pungitius,FIN-RYT,LG12,unknown
FIN-RYT-6,Pungitius pungitius,FIN-RYT,LG12,unknown
FIN-RYT-PP02,Pungitius pungitius,FIN-RYT,LG12,unknown
FIN-RYT-PP09,Pungitius pungitius,FIN-RYT,LG12,unknown
FIN-RYT-PP41,Pungitius pungitius,FIN-RYT,LG12,unknown
FIN-RYT-PP42,Pungitius pungitius,FIN-RYT,LG12,unknown
FIN-RYT-PP43,Pungitius pungitius,FIN-RYT,LG12,unknown
FIN-RYT-PP44,Pungitius pungitius,FIN-RYT,LG12,unknown
FIN-RYT-PP50,Pungitius pungitius,FIN-RYT,LG12,unknown
FIN-SEI-1,Pungitius pungitius,FIN-SEI,LG12,unknown
FIN-SEI-10,Pungitius pungitius,FIN-SEI,LG12,unknown
FIN-SEI-12,Pungitius pungitius,FIN-SEI,LG12,unknown
FIN-SEI-13,Pungitius pungitius,FIN-SEI,LG12,unknown
FIN-SEI-14,Pungitius pungitius,FIN-SEI,LG12,unknown
FIN-SEI-15,Pungitius pungitius,FIN-SEI,LG12,unknown
FIN-SEI-17,Pungitius pungitius,FIN-SEI,LG12,unknown
FIN-SEI-18,Pungitius pungitius,FIN-SEI,LG12,unknown
FIN-SEI-19,Pungitius pungitius,FIN-SEI,LG12,unknown
FIN-SEI-2,Pungitius pungitius,FIN-SEI,LG12,unknown
FIN-SEI-20,Pungitius pungitius,FIN-SEI,LG12,unknown
FIN-SEI-21,Pungitius pungitius,FIN-SEI,LG12,unknown
FIN-SEI-22,Pungitius pungitius,FIN-SEI,LG12,unknown
FIN-SEI-23,Pungitius pungitius,FIN-SEI,LG12,unknown
FIN-SEI-24,Pungitius pungitius,FIN-SEI,LG12,unknown
FIN-SEI-26,Pungitius pungitius,FIN-SEI,LG12,unknown
FIN-SEI-27,Pungitius pungitius,FIN-SEI,LG12,unknown
FIN-SEI-3,Pungitius pungitius,FIN-SEI,LG12,unknown
FIN-SEI-32,Pungitius pungitius,FIN-SEI,LG12,unknown
FIN-SEI-33,Pungitius pungitius,FIN-SEI,LG12,unknown
FIN-SEI-34,Pungitius pungitius,FIN-SEI,LG12,unknown
FIN-SEI-36,Pungitius pungitius,FIN-SEI,LG12,unknown
FIN-SEI-6,Pungitius pungitius,FIN-SEI,LG12,unknown
FIN-SEI-7,Pungitius pungitius,FIN-SEI,LG12,unknown
FIN-TVA-13,Pungitius pungitius,FIN-TVA,LG12,unknown
FIN-TVA-16,Pungitius pungitius,FIN-TVA,LG12,unknown
FIN-TVA-17,Pungitius pungitius,FIN-TVA,LG12,unknown
FIN-TVA-19,Pungitius pungitius,FIN-TVA,LG12,unknown
FIN-TVA-20,Pungitius pungitius,FIN-TVA,LG12,unknown
FIN-TVA-22,Pungitius pungitius,FIN-TVA,LG12,unknown
FIN-TVA-25,Pungitius pungitius,FIN-TVA,LG12,unknown
FIN-TVA-29,Pungitius pungitius,FIN-TVA,LG12,unknown
FIN-TVA-34,Pungitius pungitius,FIN-TVA,LG12,unknown
FIN-TVA-40,Pungitius pungitius,FIN-TVA,LG12,unknown
FIN-TVA-43,Pungitius pungitius,FIN-TVA,LG12,unknown
FIN-TVA-50,Pungitius pungitius,FIN-TVA,LG12,unknown
FIN-TVA-52,Pungitius pungitius,FIN-TVA,LG12,unknown
FIN-TVA-54,Pungitius pungitius,FIN-TVA,LG12,unknown
FIN-TVA-57,Pungitius pungitius,FIN-TVA,LG12,unknown
FIN-TVA-64,Pungitius pungitius,FIN-TVA,LG12,unknown
FIN-TVA-68,Pungitius pungitius,FIN-TVA,LG12,unknown
FIN-TVA-71,Pungitius pungitius,FIN-TVA,LG12,unknown
FIN-TVA-74,Pungitius pungitius,FIN-TVA,LG12,unknown
FIN-TVA-77,Pungitius pungitius,FIN-TVA,LG12,unknown
FIN-TVA-82,Pungitius pungitius,FIN-TVA,LG12,unknown
FIN-TVA-9,Pungitius pungitius,FIN-TVA,LG12,unknown
FIN-UKO-1,Pungitius pungitius,FIN-UKO,LG12,unknown
FIN-UKO-10,Pungitius pungitius,FIN-UKO,LG12,unknown
FIN-UKO-11,Pungitius pungitius,FIN-UKO,LG12,unknown
FIN-UKO-13,Pungitius pungitius,FIN-UKO,LG12,unknown
FIN-UKO-14,Pungitius pungitius,FIN-UKO,LG12,unknown
FIN-UKO-15,Pungitius pungitius,FIN-UKO,LG12,unknown
FIN-UKO-16,Pungitius pungitius,FIN-UKO,LG12,unknown
FIN-UKO-2,Pungitius pungitius,FIN-UKO,LG12,unknown
FIN-UKO-20,Pungitius pungitius,FIN-UKO,LG12,unknown
FIN-UKO-21,Pungitius pungitius,FIN-UKO,LG12,unknown
FIN-UKO-22,Pungitius pungitius,FIN-UKO,LG12,unknown
FIN-UKO-24,Pungitius pungitius,FIN-UKO,LG12,unknown
FIN-UKO-25,Pungitius pungitius,FIN-UKO,LG12,unknown
FIN-UKO-26,Pungitius pungitius,FIN-UKO,LG12,unknown
FIN-UKO-3,Pungitius pungitius,FIN-UKO,LG12,unknown
FIN-UKO-31,Pungitius pungitius,FIN-UKO,LG12,unknown
FIN-UKO-35,Pungitius pungitius,FIN-UKO,LG12,unknown
FIN-UKO-36,Pungitius pungitius,FIN-UKO,LG12,unknown
FIN-UKO-38,Pungitius pungitius,FIN-UKO,LG12,unknown
FIN-UKO-4,Pungitius pungitius,FIN-UKO,LG12,unknown
FIN-UKO-6,Pungitius pungitius,FIN-UKO,LG12,unknown
FIN-UKO-9,Pungitius pungitius,FIN-UKO,LG12,unknown
LAT-JAU-1,Pungitius pungitius,LAT-JAU,LG12,unknown
LAT-JAU-10,Pungitius pungitius,LAT-JAU,LG12,unknown
LAT-JAU-11,Pungitius pungitius,LAT-JAU,LG12,unknown
LAT-JAU-12,Pungitius pungitius,LAT-JAU,LG12,unknown
LAT-JAU-13,Pungitius pungitius,LAT-JAU,LG12,unknown
LAT-JAU-14,Pungitius pungitius,LAT-JAU,LG12,unknown
LAT-JAU-16,Pungitius pungitius,LAT-JAU,LG12,unknown
LAT-JAU-19,Pungitius pungitius,LAT-JAU,LG12,unknown
LAT-JAU-2,Pungitius pungitius,LAT-JAU,LG12,unknown
LAT-JAU-23,Pungitius pungitius,LAT-JAU,LG12,unknown
LAT-JAU-24,Pungitius pungitius,LAT-JAU,LG12,unknown
LAT-JAU-26,Pungitius pungitius,LAT-JAU,LG12,unknown
LAT-JAU-28,Pungitius pungitius,LAT-JAU,LG12,unknown
LAT-JAU-29,Pungitius pungitius,LAT-JAU,LG12,unknown
LAT-JAU-31,Pungitius pungitius,LAT-JAU,LG12,unknown
LAT-JAU-34,Pungitius pungitius,LAT-JAU,LG12,unknown
LAT-JAU-35,Pungitius pungitius,LAT-JAU,LG12,unknown
LAT-JAU-4,Pungitius pungitius,LAT-JAU,LG12,unknown
LAT-JAU-7,Pungitius pungitius,LAT-JAU,LG12,unknown
LAT-JAU-8,Pungitius pungitius,LAT-JAU,LG12,unknown
LAT-JAU-9,Pungitius pungitius,LAT-JAU,LG12,unknown
NOR-TYR-342,Pungitius pungitius,NOR-TYR,LG12,unknown
NOR-TYR-343,Pungitius pungitius,NOR-TYR,LG12,unknown
NOR-TYR-344,Pungitius pungitius,NOR-TYR,LG12,unknown
NOR-TYR-345,Pungitius pungitius,NOR-TYR,LG12,unknown
NOR-TYR-346,Pungitius pungitius,NOR-TYR,LG12,unknown
NOR-TYR-347,Pungitius pungitius,NOR-TYR,LG12,unknown
NOR-TYR-349,Pungitius pungitius,NOR-TYR,LG12,unknown
NOR-TYR-350,Pungitius pungitius,NOR-TYR,LG12,unknown
RUS-BOL-11,Pungitius pungitius,RUS-BOL,LG12,unknown
RUS-BOL-12,Pungitius pungitius,RUS-BOL,LG12,unknown
RUS-BOL-13,Pungitius pungitius,RUS-BOL,LG12,unknown
RUS-BOL-14,Pungitius pungitius,RUS-BOL,LG12,unknown
RUS-BOL-15,Pungitius pungitius,RUS-BOL,LG12,unknown
RUS-BOL-18,Pungitius pungitius,RUS-BOL,LG12,unknown
RUS-BOL-20,Pungitius pungitius,RUS-BOL,LG12,unknown
RUS-BOL-21,Pungitius pungitius,RUS-BOL,LG12,unknown
RUS-BOL-24,Pungitius pungitius,RUS-BOL,LG12,unknown
RUS-BOL-26,Pungitius pungitius,RUS-BOL,LG12,unknown
RUS-BOL-27,Pungitius pungitius,RUS-BOL,LG12,unknown
RUS-BOL-28,Pungitius pungitius,RUS-BOL,LG12,unknown
RUS-BOL-29,Pungitius pungitius,RUS-BOL,LG12,unknown
RUS-BOL-31,Pungitius pungitius,RUS-BOL,LG12,unknown
RUS-BOL-33,Pungitius pungitius,RUS-BOL,LG12,unknown
RUS-BOL-37,Pungitius pungitius,RUS-BOL,LG12,unknown
RUS-BOL-38,Pungitius pungitius,RUS-BOL,LG12,unknown
RUS-BOL-6,Pungitius pungitius,RUS-BOL,LG12,unknown
RUS-BOL-8,Pungitius pungitius,RUS-BOL,LG12,unknown
RUS-BOL-9,Pungitius pungitius,RUS-BOL,LG12,unknown
RUS-KRU-1,Pungitius pungitius,RUS-KRU,LG12,unknown
RUS-KRU-11,Pungitius pungitius,RUS-KRU,LG12,unknown
RUS-KRU-12,Pungitius pungitius,RUS-KRU,LG12,unknown
RUS-KRU-13,Pungitius pungitius,RUS-KRU,LG12,unknown
RUS-KRU-14,Pungitius pungitius,RUS-KRU,LG12,unknown
RUS-KRU-17,Pungitius pungitius,RUS-KRU,LG12,unknown
RUS-KRU-18,Pungitius pungitius,RUS-KRU,LG12,unknown
RUS-KRU-19,Pungitius pungitius,RUS-KRU,LG12,unknown
RUS-KRU-20,Pungitius pungitius,RUS-KRU,LG12,unknown
RUS-KRU-25,Pungitius pungitius,RUS-KRU,LG12,unknown
RUS-KRU-27,Pungitius pungitius,RUS-KRU,LG12,unknown
RUS-KRU-28,Pungitius pungitius,RUS-KRU,LG12,unknown
RUS-KRU-29,Pungitius pungitius,RUS-KRU,LG12,unknown
RUS-KRU-3,Pungitius pungitius,RUS-KRU,LG12,unknown
RUS-KRU-30,Pungitius pungitius,RUS-KRU,LG12,unknown
RUS-KRU-31,Pungitius pungitius,RUS-KRU,LG12,unknown
RUS-KRU-32,Pungitius pungitius,RUS-KRU,LG12,unknown
RUS-KRU-4,Pungitius pungitius,RUS-KRU,LG12,unknown
RUS-KRU-5,Pungitius pungitius,RUS-KRU,LG12,unknown
RUS-KRU-9,Pungitius pungitius,RUS-KRU,LG12,unknown
RUS-LEV-10,Pungitius pungitius,RUS-LEV,LG12,unknown
RUS-LEV-11,Pungitius pungitius,RUS-LEV,LG12,unknown
RUS-LEV-15,Pungitius pungitius,RUS-LEV,LG12,unknown
RUS-LEV-16,Pungitius pungitius,RUS-LEV,LG12,unknown
RUS-LEV-20,Pungitius pungitius,RUS-LEV,LG12,unknown
RUS-LEV-21,Pungitius pungitius,RUS-LEV,LG12,unknown
RUS-LEV-3,Pungitius pungitius,RUS-LEV,LG12,unknown
RUS-LEV-7,Pungitius pungitius,RUS-LEV,LG12,unknown
RUS-LEV-8,Pungitius pungitius,RUS-LEV,LG12,unknown
RUS-LEV-9,Pungitius pungitius,RUS-LEV,LG12,unknown
RUS-LEV-B12,Pungitius pungitius,RUS-LEV,LG12,unknown
RUS-LEV-B13,Pungitius pungitius,RUS-LEV,LG12,unknown
RUS-LEV-B18,Pungitius pungitius,RUS-LEV,LG12,unknown
RUS-LEV-B19,Pungitius pungitius,RUS-LEV,LG12,unknown
RUS-LEV-B4,Pungitius pungitius,RUS-LEV,LG12,unknown
RUS-LEV-B5,Pungitius pungitius,RUS-LEV,LG12,unknown
RUS-LEV-B6,Pungitius pungitius,RUS-LEV,LG12,unknown
RUS-LEV-CG1,Pungitius pungitius,RUS-LEV,LG12,unknown
RUS-LEV-CG11,Pungitius pungitius,RUS-LEV,LG12,unknown
RUS-LEV-CG12,Pungitius pungitius,RUS-LEV,LG12,unknown
RUS-LEV-CG13,Pungitius pungitius,RUS-LEV,LG12,unknown
RUS-LEV-CG14,Pungitius pungitius,RUS-LEV,LG12,unknown
RUS-LEV-CG15,Pungitius pungitius,RUS-LEV,LG12,unknown
RUS-LEV-CG3,Pungitius pungitius,RUS-LEV,LG12,unknown
RUS-LEV-CG4,Pungitius pungitius,RUS-LEV,LG12,unknown
RUS-LEV-CG5,Pungitius pungitius,RUS-LEV,LG12,unknown
RUS-LEV-CG6,Pungitius pungitius,RUS-LEV,LG12,unknown
RUS-LEV-CG7,Pungitius pungitius,RUS-LEV,LG12,unknown
RUS-LEV-CG8,Pungitius pungitius,RUS-LEV,LG12,unknown
RUS-LEV-F4M,Pungitius pungitius,RUS-LEV,LG12,unknown
RUS-MAS-11,Pungitius pungitius,RUS-MAS,LG12,unknown
RUS-MAS-12,Pungitius pungitius,RUS-MAS,LG12,unknown
RUS-MAS-13,Pungitius pungitius,RUS-MAS,LG12,unknown
RUS-MAS-14,Pungitius pungitius,RUS-MAS,LG12,unknown
RUS-MAS-4,Pungitius pungitius,RUS-MAS,LG12,unknown
RUS-MAS-40,Pungitius pungitius,RUS-MAS,LG12,unknown
RUS-MAS-43,Pungitius pungitius,RUS-MAS,LG12,unknown
RUS-MAS-45,Pungitius pungitius,RUS-MAS,LG12,unknown
RUS-MAS-46,Pungitius pungitius,RUS-MAS,LG12,unknown
RUS-MAS-47,Pungitius pungitius,RUS-MAS,LG12,unknown
RUS-MAS-48,Pungitius pungitius,RUS-MAS,LG12,unknown
RUS-MAS-49,Pungitius pungitius,RUS-MAS,LG12,unknown
RUS-MAS-5,Pungitius pungitius,RUS-MAS,LG12,unknown
RUS-MAS-55,Pungitius pungitius,RUS-MAS,LG12,unknown
RUS-MAS-56,Pungitius pungitius,RUS-MAS,LG12,unknown
RUS-MAS-57,Pungitius pungitius,RUS-MAS,LG12,unknown
RUS-MAS-6,Pungitius pungitius,RUS-MAS,LG12,unknown
RUS-MAS-7,Pungitius pungitius,RUS-MAS,LG12,unknown
RUS-MAS-8,Pungitius pungitius,RUS-MAS,LG12,unknown
RUS-MAS-9,Pungitius pungitius,RUS-MAS,LG12,unknown
RUS-MAS-PP51,Pungitius pungitius,RUS-MAS,LG12,unknown
SWE-ABB-411,Pungitius pungitius,SWE-ABB,LG12,unknown
SWE-ABB-424,Pungitius pungitius,SWE-ABB,LG12,unknown
SWE-ABB-446,Pungitius pungitius,SWE-ABB,LG12,unknown
SWE-ABB-45,Pungitius pungitius,SWE-ABB,LG12,unknown
SWE-ABB-451,Pungitius pungitius,SWE-ABB,LG12,unknown
SWE-ABB-454,Pungitius pungitius,SWE-ABB,LG12,unknown
SWE-ABB-465,Pungitius pungitius,SWE-ABB,LG12,unknown
SWE-ABB-474,Pungitius pungitius,SWE-ABB,LG12,unknown
SWE-ABB-484,Pungitius pungitius,SWE-ABB,LG12,unknown
SWE-ABB-490,Pungitius pungitius,SWE-ABB,LG12,unknown
SWE-ABB-492A,Pungitius pungitius,SWE-ABB,LG12,unknown
SWE-ABB-502,Pungitius pungitius,SWE-ABB,LG12,unknown
SWE-ABB-511,Pungitius pungitius,SWE-ABB,LG12,unknown
SWE-ABB-513,Pungitius pungitius,SWE-ABB,LG12,unknown
SWE-ABB-515,Pungitius pungitius,SWE-ABB,LG12,unknown
SWE-ABB-518,Pungitius pungitius,SWE-ABB,LG12,unknown
SWE-ABB-520,Pungitius pungitius,SWE-ABB,LG12,unknown
SWE-ABB-524,Pungitius pungitius,SWE-ABB,LG12,unknown
SWE-ABB-540,Pungitius pungitius,SWE-ABB,LG12,unknown
SWE-ABB-549,Pungitius pungitius,SWE-ABB,LG12,unknown
SWE-ABB-6,Pungitius pungitius,SWE-ABB,LG12,unknown
SWE-BOL-351,Pungitius pungitius,SWE-BOL,LG12,unknown
SWE-BOL-359,Pungitius pungitius,SWE-BOL,LG12,unknown
SWE-BOL-365,Pungitius pungitius,SWE-BOL,LG12,unknown
SWE-BOL-371,Pungitius pungitius,SWE-BOL,LG12,unknown
SWE-BOL-375,Pungitius pungitius,SWE-BOL,LG12,unknown
SWE-BOL-381,Pungitius pungitius,SWE-BOL,LG12,unknown
SWE-BOL-383,Pungitius pungitius,SWE-BOL,LG12,unknown
SWE-BOL-385,Pungitius pungitius,SWE-BOL,LG12,unknown
SWE-BOL-387,Pungitius pungitius,SWE-BOL,LG12,unknown
SWE-BOL-397,Pungitius pungitius,SWE-BOL,LG12,unknown
SWE-BOL-60,Pungitius pungitius,SWE-BOL,LG12,unknown
SWE-BOL-61,Pungitius pungitius,SWE-BOL,LG12,unknown
SWE-BOL-62,Pungitius pungitius,SWE-BOL,LG12,unknown
SWE-BOL-63,Pungitius pungitius,SWE-BOL,LG12,unknown
SWE-BOL-64,Pungitius pungitius,SWE-BOL,LG12,unknown
SWE-BOL-65,Pungitius pungitius,SWE-BOL,LG12,unknown
SWE-BOL-67,Pungitius pungitius,SWE-BOL,LG12,unknown
SWE-BOL-68,Pungitius pungitius,SWE-BOL,LG12,unknown
SWE-BOL-69,Pungitius pungitius,SWE-BOL,LG12,unknown
SWE-BOL-70,Pungitius pungitius,SWE-BOL,LG12,unknown
SWE-BOL-PP59,Pungitius pungitius,SWE-BOL,LG12,unknown
SWE-BYN-1,Pungitius pungitius,SWE-BYN,LG12,unknown
SWE-BYN-10,Pungitius pungitius,SWE-BYN,LG12,unknown
SWE-BYN-11,Pungitius pungitius,SWE-BYN,LG12,unknown
SWE-BYN-12,Pungitius pungitius,SWE-BYN,LG12,unknown
SWE-BYN-15,Pungitius pungitius,SWE-BYN,LG12,unknown
SWE-BYN-16,Pungitius pungitius,SWE-BYN,LG12,unknown
SWE-BYN-17,Pungitius pungitius,SWE-BYN,LG12,unknown
SWE-BYN-18,Pungitius pungitius,SWE-BYN,LG12,unknown
SWE-BYN-19,Pungitius pungitius,SWE-BYN,LG12,unknown
SWE-BYN-1M,Pungitius pungitius,SWE-BYN,LG12,unknown
SWE-BYN-2M,Pungitius pungitius,SWE-BYN,LG12,unknown
SWE-BYN-3M,Pungitius pungitius,SWE-BYN,LG12,unknown
SWE-BYN-4M,Pungitius pungitius,SWE-BYN,LG12,unknown
SWE-BYN-5M,Pungitius pungitius,SWE-BYN,LG12,unknown
SWE-BYN-8,Pungitius pungitius,SWE-BYN,LG12,unknown
SWE-BYN-82,Pungitius pungitius,SWE-BYN,LG12,unknown
SWE-BYN-90,Pungitius pungitius,SWE-BYN,LG12,unknown
SWE-BYN-94,Pungitius pungitius,SWE-BYN,LG12,unknown
SWE-BYN-PP42,Pungitius pungitius,SWE-BYN,LG12,unknown
SWE-BYN-PP54,Pungitius pungitius,SWE-BYN,LG12,unknown
SWE-BYN-PP65,Pungitius pungitius,SWE-BYN,LG12,unknown
SWE-BYN-PP78,Pungitius pungitius,SWE-BYN,LG12,unknown
SWE-BYN-PP81,Pungitius pungitius,SWE-BYN,LG12,unknown
SWE-GOT-1,Pungitius pungitius,SWE-GOT,LG12,unknown
SWE-GOT-10,Pungitius pungitius,SWE-GOT,LG12,unknown
SWE-GOT-11,Pungitius pungitius,SWE-GOT,LG12,unknown
SWE-GOT-12,Pungitius pungitius,SWE-GOT,LG12,unknown
SWE-GOT-13,Pungitius pungitius,SWE-GOT,LG12,unknown
SWE-GOT-14,Pungitius pungitius,SWE-GOT,LG12,unknown
SWE-GOT-15,Pungitius pungitius,SWE-GOT,LG12,unknown
SWE-GOT-16,Pungitius pungitius,SWE-GOT,LG12,unknown
SWE-GOT-17,Pungitius pungitius,SWE-GOT,LG12,unknown
SWE-GOT-19,Pungitius pungitius,SWE-GOT,LG12,unknown
SWE-GOT-2,Pungitius pungitius,SWE-GOT,LG12,unknown
SWE-GOT-20,Pungitius pungitius,SWE-GOT,LG12,unknown
SWE-GOT-3,Pungitius pungitius,SWE-GOT,LG12,unknown
SWE-GOT-4,Pungitius pungitius,SWE-GOT,LG12,unknown
SWE-GOT-5,Pungitius pungitius,SWE-GOT,LG12,unknown
SWE-GOT-6,Pungitius pungitius,SWE-GOT,LG12,unknown
SWE-GOT-7,Pungitius pungitius,SWE-GOT,LG12,unknown
SWE-GOT-8,Pungitius pungitius,SWE-GOT,LG12,unknown
SWE-GOT-9,Pungitius pungitius,SWE-GOT,LG12,unknown
SWE-HAN-12,Pungitius pungitius,SWE-HAN,LG12,unknown
SWE-HAN-13,Pungitius pungitius,SWE-HAN,LG12,unknown
SWE-HAN-24,Pungitius pungitius,SWE-HAN,LG12,unknown
SWE-HAN-28,Pungitius pungitius,SWE-HAN,LG12,unknown
SWE-HAN-29,Pungitius pungitius,SWE-HAN,LG12,unknown
SWE-HAN-3,Pungitius pungitius,SWE-HAN,LG12,unknown
SWE-HAN-30,Pungitius pungitius,SWE-HAN,LG12,unknown
SWE-HAN-31,Pungitius pungitius,SWE-HAN,LG12,unknown
SWE-HAN-32,Pungitius pungitius,SWE-HAN,LG12,unknown
SWE-HAN-33,Pungitius pungitius,SWE-HAN,LG12,unknown
SWE-HAN-34,Pungitius pungitius,SWE-HAN,LG12,unknown
SWE-HAN-35,Pungitius pungitius,SWE-HAN,LG12,unknown
SWE-HAN-37,Pungitius pungitius,SWE-HAN,LG12,unknown
SWE-HAN-38,Pungitius pungitius,SWE-HAN,LG12,unknown
SWE-HAN-39,Pungitius pungitius,SWE-HAN,LG12,unknown
SWE-HAN-4,Pungitius pungitius,SWE-HAN,LG12,unknown
SWE-HAN-40,Pungitius pungitius,SWE-HAN,LG12,unknown
SWE-HAN-41,Pungitius pungitius,SWE-HAN,LG12,unknown
SWE-HAN-42,Pungitius pungitius,SWE-HAN,LG12,unknown
SWE-HAN-5,Pungitius pungitius,SWE-HAN,LG12,unknown
SWE-KIR-1,Pungitius pungitius,SWE-KIR,LG12,unknown
SWE-KIR-11,Pungitius pungitius,SWE-KIR,LG12,unknown
SWE-KIR-2,Pungitius pungitius,SWE-KIR,LG12,unknown
SWE-KIR-3,Pungitius pungitius,SWE-KIR,LG12,unknown
SWE-KIR-34,Pungitius pungitius,SWE-KIR,LG12,unknown
SWE-KIR-35,Pungitius pungitius,SWE-KIR,LG12,unknown
SWE-KIR-36,Pungitius pungitius,SWE-KIR,LG12,unknown
SWE-KIR-37,Pungitius pungitius,SWE-KIR,LG12,unknown
SWE-KIR-38,Pungitius pungitius,SWE-KIR,LG12,unknown
SWE-KIR-39,Pungitius pungitius,SWE-KIR,LG12,unknown
SWE-KIR-4,Pungitius pungitius,SWE-KIR,LG12,unknown
SWE-KIR-5,Pungitius pungitius,SWE-KIR,LG12,unknown
SWE-KIR-6,Pungitius pungitius,SWE-KIR,LG12,unknown
SWE-KIR-7,Pungitius pungitius,SWE-KIR,LG12,unknown
SWE-KIR-8,Pungitius pungitius,SWE-KIR,LG12,unknown
SWE-LUN-1,Pungitius pungitius,SWE-LUN,LG12,unknown
SWE-LUN-14,Pungitius pungitius,SWE-LUN,LG12,unknown
SWE-LUN-15,Pungitius pungitius,SWE-LUN,LG12,unknown
SWE-LUN-16,Pungitius pungitius,SWE-LUN,LG12,unknown
SWE-LUN-17,Pungitius pungitius,SWE-LUN,LG12,unknown
SWE-LUN-2,Pungitius pungitius,SWE-LUN,LG12,unknown
SWE-LUN-27,Pungitius pungitius,SWE-LUN,LG12,unknown
SWE-LUN-28,Pungitius pungitius,SWE-LUN,LG12,unknown
SWE-LUN-29,Pungitius pungitius,SWE-LUN,LG12,unknown
SWE-LUN-3,Pungitius pungitius,SWE-LUN,LG12,unknown
SWE-LUN-31,Pungitius pungitius,SWE-LUN,LG12,unknown
SWE-LUN-33,Pungitius pungitius,SWE-LUN,LG12,unknown
SWE-LUN-34,Pungitius pungitius,SWE-LUN,LG12,unknown
SWE-LUN-4,Pungitius pungitius,SWE-LUN,LG12,unknown
SWE-LUN-40,Pungitius pungitius,SWE-LUN,LG12,unknown
SWE-LUN-44,Pungitius pungitius,SWE-LUN,LG12,unknown
SWE-LUN-45,Pungitius pungitius,SWE-LUN,LG12,unknown
SWE-LUN-47,Pungitius pungitius,SWE-LUN,LG12,unknown
SWE-LUN-49,Pungitius pungitius,SWE-LUN,LG12,unknown
SWE-LUN-52,Pungitius pungitius,SWE-LUN,LG12,unknown
SWE-NAV-1,Pungitius pungitius,SWE-NAV,LG12,unknown
SWE-NAV-10,Pungitius pungitius,SWE-NAV,LG12,unknown
SWE-NAV-12,Pungitius pungitius,SWE-NAV,LG12,unknown
SWE-NAV-13,Pungitius pungitius,SWE-NAV,LG12,unknown
SWE-NAV-14,Pungitius pungitius,SWE-NAV,LG12,unknown
SWE-NAV-15,Pungitius pungitius,SWE-NAV,LG12,unknown
SWE-NAV-16,Pungitius pungitius,SWE-NAV,LG12,unknown
SWE-NAV-18,Pungitius pungitius,SWE-NAV,LG12,unknown
SWE-NAV-20,Pungitius pungitius,SWE-NAV,LG12,unknown
SWE-NAV-21,Pungitius pungitius,SWE-NAV,LG12,unknown
SWE-NAV-24,Pungitius pungitius,SWE-NAV,LG12,unknown
SWE-NAV-25,Pungitius pungitius,SWE-NAV,LG12,unknown
SWE-NAV-26,Pungitius pungitius,SWE-NAV,LG12,unknown
SWE-NAV-28,Pungitius pungitius,SWE-NAV,LG12,unknown
SWE-NAV-30,Pungitius pungitius,SWE-NAV,LG12,unknown
SWE-NAV-31,Pungitius pungitius,SWE-NAV,LG12,unknown
SWE-NAV-32,Pungitius pungitius,SWE-NAV,LG12,unknown
SWE-NAV-4,Pungitius pungitius,SWE-NAV,LG12,unknown
SWE-NAV-8,Pungitius pungitius,SWE-NAV,LG12,unknown
SWE-NAV-9,Pungitius pungitius,SWE-NAV,LG12,unknown