"SampleID","Species","Population","sex_region","sex"
"GBR-GRO-1","Pungitius pungitius","GBR-GRO","unknown","unknown"
"GBR-GRO-10","Pungitius pungitius","GBR-GRO","unknown","unknown"
"GBR-GRO-11","Pungitius pungitius","GBR-GRO","unknown","unknown"
"GBR-GRO-12","Pungitius pungitius","GBR-GRO","unknown","unknown"
"GBR-GRO-13","Pungitius pungitius","GBR-GRO","unknown","unknown"
"GBR-GRO-14","Pungitius pungitius","GBR-GRO","unknown","unknown"
"GBR-GRO-15","Pungitius pungitius","GBR-GRO","unknown","unknown"
"GBR-GRO-16","Pungitius pungitius","GBR-GRO","unknown","unknown"
"GBR-GRO-17","Pungitius pungitius","GBR-GRO","unknown","unknown"
"GBR-GRO-18","Pungitius pungitius","GBR-GRO","unknown","unknown"
"GBR-GRO-19","Pungitius pungitius","GBR-GRO","unknown","unknown"
"GBR-GRO-2","Pungitius pungitius","GBR-GRO","unknown","unknown"
"GBR-GRO-3","Pungitius pungitius","GBR-GRO","unknown","unknown"
"GBR-GRO-4","Pungitius pungitius","GBR-GRO","unknown","unknown"
"GBR-GRO-5","Pungitius pungitius","GBR-GRO","unknown","unknown"
"GBR-GRO-6","Pungitius pungitius","GBR-GRO","unknown","unknown"
"GBR-GRO-7","Pungitius pungitius","GBR-GRO","unknown","unknown"
"GBR-GRO-8","Pungitius pungitius","GBR-GRO","unknown","unknown"
"GBR-GRO-9","Pungitius pungitius","GBR-GRO","unknown","unknown"
"SCO-HAR-1","Pungitius pungitius","SCO-HAR","unknown","unknown"
"SCO-HAR-10","Pungitius pungitius","SCO-HAR","unknown","unknown"
"SCO-HAR-11","Pungitius pungitius","SCO-HAR","unknown","unknown"
"SCO-HAR-2","Pungitius pungitius","SCO-HAR","unknown","unknown"
"SCO-HAR-3","Pungitius pungitius","SCO-HAR","unknown","unknown"
"SCO-HAR-4","Pungitius pungitius","SCO-HAR","unknown","unknown"
"SCO-HAR-5","Pungitius pungitius","SCO-HAR","unknown","unknown"
"SCO-HAR-7","Pungitius pungitius","SCO-HAR","unknown","unknown"
"SCO-HAR-8","Pungitius pungitius","SCO-HAR","unknown","unknown"
"SCO-HAR-9","Pungitius pungitius","SCO-HAR","unknown","unknown"
