SampleID,Species,Population,sex_region,sex
BEL-MAL-F26,Pungitius pungitius,BEL-MAL,LG3,Female
BEL-MAL-F27,Pungitius pungitius,BEL-MAL,LG3,Female
BEL-MAL-F28,Pungitius pungitius,BEL-MAL,LG3,Female
BEL-MAL-F29,Pungitius pungitius,BEL-MAL,LG3,Female
BEL-MAL-F30,Pungitius pungitius,BEL-MAL,LG3,Female
BEL-MAL-F31,Pungitius pungitius,BEL-MAL,LG3,Female
BEL-MAL-F32,Pungitius pungitius,BEL-MAL,LG3,Female
BEL-MAL-F33,Pungitius pungitius,BEL-MAL,LG3,Female
BEL-MAL-F34,Pungitius pungitius,BEL-MAL,LG3,Female
BEL-MAL-F35,Pungitius pungitius,BEL-MAL,LG3,Female
BEL-MAL-M27,Pungitius pungitius,BEL-MAL,LG3,Male
BEL-MAL-M28,Pungitius pungitius,BEL-MAL,LG3,Male
BEL-MAL-M29,Pungitius pungitius,BEL-MAL,LG3,Male
BEL-MAL-M30,Pungitius pungitius,BEL-MAL,LG3,Male
BEL-MAL-M31,Pungitius pungitius,BEL-MAL,LG3,Male
BEL-MAL-M32,Pungitius pungitius,BEL-MAL,LG3,Male
BEL-MAL-M33,Pungitius pungitius,BEL-MAL,LG3,Male
BEL-MAL-M34,Pungitius pungitius,BEL-MAL,LG3,Male
BEL-MAL-M35,Pungitius pungitius,BEL-MAL,LG3,Male
BEL-MAL-M36,Pungitius pungitius,BEL-MAL,LG3,Male
DEN-NOR-10,Pungitius pungitius,DEN-NOR,LG3,unknown
DEN-NOR-12,Pungitius pungitius,DEN-NOR,LG3,unknown
DEN-NOR-13,Pungitius pungitius,DEN-NOR,LG3,unknown
DEN-NOR-14,Pungitius pungitius,DEN-NOR,LG3,unknown
DEN-NOR-15,Pungitius pungitius,DEN-NOR,LG3,unknown
DEN-NOR-16,Pungitius pungitius,DEN-NOR,LG3,unknown
DEN-NOR-17,Pungitius pungitius,DEN-NOR,LG3,unknown
DEN-NOR-18,Pungitius pungitius,DEN-NOR,LG3,unknown
DEN-NOR-19,Pungitius pungitius,DEN-NOR,LG3,unknown
DEN-NOR-20,Pungitius pungitius,DEN-NOR,LG3,unknown
DEN-NOR-21,Pungitius pungitius,DEN-NOR,LG3,unknown
DEN-NOR-22,Pungitius pungitius,DEN-NOR,LG3,unknown
DEN-NOR-23,Pungitius pungitius,DEN-NOR,LG3,unknown
DEN-NOR-24,Pungitius pungitius,DEN-NOR,LG3,unknown
DEN-NOR-25,Pungitius pungitius,DEN-NOR,LG3,unknown
DEN-NOR-26,Pungitius pungitius,DEN-NOR,LG3,unknown
DEN-NOR-28,Pungitius pungitius,DEN-NOR,LG3,unknown
DEN-NOR-30,Pungitius pungitius,DEN-NOR,LG3,unknown
DEN-NOR-31,Pungitius pungitius,DEN-NOR,LG3,unknown
DEN-NOR-33,Pungitius pungitius,DEN-NOR,LG3,unknown
DEN-NOR-34,Pungitius pungitius,DEN-NOR,LG3,unknown
DEN-NOR-35,Pungitius pungitius,DEN-NOR,LG3,unknown
DEN-NOR-6,Pungitius pungitius,DEN-NOR,LG3,unknown
DEN-NOR-7,Pungitius pungitius,DEN-NOR,LG3,unknown
DEN-NOR-9,Pungitius pungitius,DEN-NOR,LG3,unknown
FRA-VEY-1,Pungitius pungitius,FRA-VEY,LG3,unknown
FRA-VEY-10,Pungitius pungitius,FRA-VEY,LG3,unknown
FRA-VEY-11,Pungitius pungitius,FRA-VEY,LG3,unknown
FRA-VEY-12,Pungitius pungitius,FRA-VEY,LG3,unknown
FRA-VEY-13,Pungitius pungitius,FRA-VEY,LG3,unknown
FRA-VEY-14,Pungitius pungitius,FRA-VEY,LG3,unknown
FRA-VEY-15,Pungitius pungitius,FRA-VEY,LG3,unknown
FRA-VEY-16,Pungitius pungitius,FRA-VEY,LG3,unknown
FRA-VEY-17,Pungitius pungitius,FRA-VEY,LG3,unknown
FRA-VEY-2,Pungitius pungitius,FRA-VEY,LG3,unknown
FRA-VEY-3,Pungitius pungitius,FRA-VEY,LG3,unknown
FRA-VEY-5,Pungitius pungitius,FRA-VEY,LG3,unknown
FRA-VEY-6,Pungitius pungitius,FRA-VEY,LG3,unknown
FRA-VEY-7,Pungitius pungitius,FRA-VEY,LG3,unknown
FRA-VEY-8,Pungitius pungitius,FRA-VEY,LG3,unknown
FRA-VEY-9,Pungitius pungitius,FRA-VEY,LG3,unknown
GER-RUE-10,Pungitius pungitius,GER-RUE,LG3,unknown
GER-RUE-11,Pungitius pungitius,GER-RUE,LG3,unknown
GER-RUE-13,Pungitius pungitius,GER-RUE,LG3,unknown
GER-RUE-15,Pungitius pungitius,GER-RUE,LG3,unknown
GER-RUE-17,Pungitius pungitius,GER-RUE,LG3,unknown
GER-RUE-18,Pungitius pungitius,GER-RUE,LG3,unknown
GER-RUE-19,Pungitius pungitius,GER-RUE,LG3,unknown
GER-RUE-2,Pungitius pungitius,GER-RUE,LG3,unknown
GER-RUE-20,Pungitius pungitius,GER-RUE,LG3,unknown
GER-RUE-21,Pungitius pungitius,GER-RUE,LG3,unknown
GER-RUE-22,Pungitius pungitius,GER-RUE,LG3,unknown
GER-RUE-23,Pungitius pungitius,GER-RUE,LG3,unknown
GER-RUE-24,Pungitius pungitius,GER-RUE,LG3,unknown
GER-RUE-25,Pungitius pungitius,GER-RUE,LG3,unknown
GER-RUE-26,Pungitius pungitius,GER-RUE,LG3,unknown
GER-RUE-28,Pungitius pungitius,GER-RUE,LG3,unknown
GER-RUE-29,Pungitius pungitius,GER-RUE,LG3,unknown
GER-RUE-3,Pungitius pungitius,GER-RUE,LG3,unknown
GER-RUE-30,Pungitius pungitius,GER-RUE,LG3,unknown
GER-RUE-33,Pungitius pungitius,GER-RUE,LG3,unknown
GER-RUE-39,Pungitius pungitius,GER-RUE,LG3,unknown
GER-RUE-4,Pungitius pungitius,GER-RUE,LG3,unknown
GER-RUE-40,Pungitius pungitius,GER-RUE,LG3,unknown
GER-RUE-5,Pungitius pungitius,GER-RUE,LG3,unknown
GER-RUE-6,Pungitius pungitius,GER-RUE,LG3,unknown
GER-RUE-7,Pungitius pungitius,GER-RUE,LG3,unknown
GER-RUE-9,Pungitius pungitius,GER-RUE,LG3,unknown
NOR-ENG-1,Pungitius pungitius,NOR-ENG,LG3,unknown
NOR-ENG-10,Pungitius pungitius,NOR-ENG,LG3,unknown
NOR-ENG-11,Pungitius pungitius,NOR-ENG,LG3,unknown
NOR-ENG-12,Pungitius pungitius,NOR-ENG,LG3,unknown
NOR-ENG-13,Pungitius pungitius,NOR-ENG,LG3,unknown
NOR-ENG-14,Pungitius pungitius,NOR-ENG,LG3,unknown
NOR-ENG-15,Pungitius pungitius,NOR-ENG,LG3,unknown
NOR-ENG-16,Pungitius pungitius,NOR-ENG,LG3,unknown
NOR-ENG-18,Pungitius pungitius,NOR-ENG,LG3,unknown
NOR-ENG-19,Pungitius pungitius,NOR-ENG,LG3,unknown
NOR-ENG-2,Pungitius pungitius,NOR-ENG,LG3,unknown
NOR-ENG-20,Pungitius pungitius,NOR-ENG,LG3,unknown
NOR-ENG-21,Pungitius pungitius,NOR-ENG,LG3,unknown
NOR-ENG-22,Pungitius pungitius,NOR-ENG,LG3,unknown
NOR-ENG-23,Pungitius pungitius,NOR-ENG,LG3,unknown
NOR-ENG-24,Pungitius pungitius,NOR-ENG,LG3,unknown
NOR-ENG-3,Pungitius pungitius,NOR-ENG,LG3,unknown
NOR-ENG-4,Pungitius pungitius,NOR-ENG,LG3,unknown
NOR-ENG-5,Pungitius pungitius,NOR-ENG,LG3,unknown
NOR-ENG-6,Pungitius pungitius,NOR-ENG,LG3,unknown
NOR-ENG-7,Pungitius pungitius,NOR-ENG,LG3,unknown
NOR-ENG-8,Pungitius pungitius,NOR-ENG,LG3,unknown
NOR-ENG-9,Pungitius pungitius,NOR-ENG,LG3,unknown
NOR-KVN-331,Pungitius pungitius,NOR-KVN,LG3,unknown
NOR-KVN-332,Pungitius pungitius,NOR-KVN,LG3,unknown
NOR-KVN-333,Pungitius pungitius,NOR-KVN,LG3,unknown
NOR-KVN-334,Pungitius pungitius,NOR-KVN,LG3,unknown
NOR-KVN-335,Pungitius pungitius,NOR-KVN,LG3,unknown
NOR-KVN-336,Pungitius pungitius,NOR-KVN,LG3,unknown
NOR-KVN-337,Pungitius pungitius,NOR-KVN,LG3,unknown
NOR-KVN-338,Pungitius pungitius,NOR-KVN,LG3,unknown
NOR-KVN-339,Pungitius pungitius,NOR-KVN,LG3,unknown
NOR-KVN-340,Pungitius pungitius,NOR-KVN,LG3,unknown
NOR-KVN-341,Pungitius pungitius,NOR-KVN,LG3,unknown
NOR-UGE-1,Pungitius pungitius,NOR-UGE,LG3,unknown
NOR-UGE-10,Pungitius pungitius,NOR-UGE,LG3,unknown
NOR-UGE-11,Pungitius pungitius,NOR-UGE,LG3,unknown
NOR-UGE-12,Pungitius pungitius,NOR-UGE,LG3,unknown
NOR-UGE-13,Pungitius pungitius,NOR-UGE,LG3,unknown
NOR-UGE-14,Pungitius pungitius,NOR-UGE,LG3,unknown
NOR-UGE-15,Pungitius pungitius,NOR-UGE,LG3,unknown
NOR-UGE-18,Pungitius pungitius,NOR-UGE,LG3,unknown
NOR-UGE-2,Pungitius pungitius,NOR-UGE,LG3,unknown
NOR-UGE-20,Pungitius pungitius,NOR-UGE,LG3,unknown
NOR-UGE-21,Pungitius pungitius,NOR-UGE,LG3,unknown
NOR-UGE-23,Pungitius pungitius,NOR-UGE,LG3,unknown
NOR-UGE-24,Pungitius pungitius,NOR-UGE,LG3,unknown
NOR-UGE-26,Pungitius pungitius,NOR-UGE,LG3,unknown
NOR-UGE-27,Pungitius pungitius,NOR-UGE,LG3,unknown
NOR-UGE-5,Pungitius pungitius,NOR-UGE,LG3,unknown
NOR-UGE-6,Pungitius pungitius,NOR-UGE,LG3,unknown
NOR-UGE-7,Pungitius pungitius,NOR-UGE,LG3,unknown
NOR-UGE-8,Pungitius pungitius,NOR-UGE,LG3,unknown
NOR-UGE-9,Pungitius pungitius,NOR-UGE,LG3,unknown
SWE-FIS-35,Pungitius pungitius,SWE-FIS,LG3,unknown
SWE-FIS-36,Pungitius pungitius,SWE-FIS,LG3,unknown
SWE-FIS-40,Pungitius pungitius,SWE-FIS,LG3,unknown
SWE-FIS-42,Pungitius pungitius,SWE-FIS,LG3,unknown
SWE-FIS-43,Pungitius pungitius,SWE-FIS,LG3,unknown
SWE-FIS-45,Pungitius pungitius,SWE-FIS,LG3,unknown
SWE-FIS-49,Pungitius pungitius,SWE-FIS,LG3,unknown
SWE-FIS-52,Pungitius pungitius,SWE-FIS,LG3,unknown
SWE-FIS-53,Pungitius pungitius,SWE-FIS,LG3,unknown
SWE-FIS-54,Pungitius pungitius,SWE-FIS,LG3,unknown
SWE-FIS-55,Pungitius pungitius,SWE-FIS,LG3,unknown
SWE-FIS-57,Pungitius pungitius,SWE-FIS,LG3,unknown
SWE-FIS-59,Pungitius pungitius,SWE-FIS,LG3,unknown
SWE-FIS-63,Pungitius pungitius,SWE-FIS,LG3,unknown
SWE-FIS-64,Pungitius pungitius,SWE-FIS,LG3,unknown
SWE-FIS-PP61,Pungitius pungitius,SWE-FIS,LG3,unknown
SWE-FIS-PP62,Pungitius pungitius,SWE-FIS,LG3,unknown
SWE-FIS-PP66,Pungitius pungitius,SWE-FIS,LG3,unknown
SWE-FIS-PP67,Pungitius pungitius,SWE-FIS,LG3,unknown
SWE-FIS-PP68,Pungitius pungitius,SWE-FIS,LG3,unknown