SampleID,Species,Population,sex_region
CAN-FLO-1,Pungitius pungitius,CAN-FLO,LG12
CAN-FLO-2,Pungitius pungitius,CAN-FLO,LG12
CAN-FLO-3,Pungitius pungitius,CAN-FLO,LG12
CAN-FLO-4,Pungitius pungitius,CAN-FLO,LG12
CAN-FLO-5,Pungitius pungitius,CAN-FLO,LG12
CAN-FLO-6,Pungitius pungitius,CAN-FLO,LG12
CAN-FLO-7,Pungitius pungitius,CAN-FLO,LG12
CAN-FLO-8,Pungitius pungitius,CAN-FLO,LG12
CAN-TEM-10,Pungitius pungitius,CAN-TEM,LG12
CAN-TEM-11,Pungitius pungitius,CAN-TEM,LG12
CAN-TEM-12,Pungitius pungitius,CAN-TEM,LG12
CAN-TEM-13,Pungitius pungitius,CAN-TEM,LG12
CAN-TEM-14,Pungitius pungitius,CAN-TEM,LG12
CAN-TEM-15,Pungitius pungitius,CAN-TEM,LG12
CAN-TEM-17,Pungitius pungitius,CAN-TEM,LG12
CAN-TEM-19,Pungitius pungitius,CAN-TEM,LG12
CAN-TEM-20,Pungitius pungitius,CAN-TEM,LG12
CAN-TEM-21,Pungitius pungitius,CAN-TEM,LG12
CAN-TEM-22,Pungitius pungitius,CAN-TEM,LG12
CAN-TEM-23,Pungitius pungitius,CAN-TEM,LG12
CAN-TEM-24,Pungitius pungitius,CAN-TEM,LG12
CAN-TEM-7,Pungitius pungitius,CAN-TEM,LG12
CAN-TEM-8,Pungitius pungitius,CAN-TEM,LG12
CAN-TEM-9,Pungitius pungitius,CAN-TEM,LG12
JAP-BIW-10,Pungitius pungitius,JAP-BIW,LG12
JAP-BIW-11,Pungitius pungitius,JAP-BIW,LG12
JAP-BIW-12,Pungitius pungitius,JAP-BIW,LG12
JAP-BIW-13,Pungitius pungitius,JAP-BIW,LG12
JAP-BIW-14,Pungitius pungitius,JAP-BIW,LG12
JAP-BIW-20,Pungitius pungitius,JAP-BIW,LG12
JAP-BIW-21,Pungitius pungitius,JAP-BIW,LG12
JAP-BIW-22,Pungitius pungitius,JAP-BIW,LG12
JAP-BIW-23,Pungitius pungitius,JAP-BIW,LG12
JAP-BIW-24,Pungitius pungitius,JAP-BIW,LG12
JAP-BIW-25,Pungitius pungitius,JAP-BIW,LG12
JAP-BIW-26,Pungitius pungitius,JAP-BIW,LG12
JAP-BIW-27,Pungitius pungitius,JAP-BIW,LG12
JAP-BIW-28,Pungitius pungitius,JAP-BIW,LG12
JAP-BIW-29,Pungitius pungitius,JAP-BIW,LG12
JAP-BIW-30,Pungitius pungitius,JAP-BIW,LG12
JAP-BIW-31,Pungitius pungitius,JAP-BIW,LG12
JAP-BIW-32,Pungitius pungitius,JAP-BIW,LG12
JAP-BIW-33,Pungitius pungitius,JAP-BIW,LG12
JAP-BIW-34,Pungitius pungitius,JAP-BIW,LG12
JAP-BIW-35,Pungitius pungitius,JAP-BIW,LG12
JAP-BIW-36,Pungitius pungitius,JAP-BIW,LG12
JAP-BIW-37,Pungitius pungitius,JAP-BIW,LG12
JAP-BIW-38,Pungitius pungitius,JAP-BIW,LG12
RUS-LEN-11,Pungitius pungitius,RUS-LEN,LG12
RUS-LEN-12,Pungitius pungitius,RUS-LEN,LG12
RUS-LEN-13,Pungitius pungitius,RUS-LEN,LG12
RUS-LEN-14,Pungitius pungitius,RUS-LEN,LG12
RUS-LEN-15,Pungitius pungitius,RUS-LEN,LG12
RUS-LEN-1a,Pungitius pungitius,RUS-LEN,LG12
RUS-LEN-2,Pungitius pungitius,RUS-LEN,LG12
RUS-LEN-4,Pungitius pungitius,RUS-LEN,LG12
RUS-LEN-8,Pungitius pungitius,RUS-LEN,LG12
RUS-LEN-9,Pungitius pungitius,RUS-LEN,LG12
USA-HLA-10,Pungitius pungitius,USA-HLA,LG12
USA-HLA-11,Pungitius pungitius,USA-HLA,LG12
USA-HLA-12,Pungitius pungitius,USA-HLA,LG12
USA-HLA-13,Pungitius pungitius,USA-HLA,LG12
USA-HLA-14,Pungitius pungitius,USA-HLA,LG12
USA-HLA-15,Pungitius pungitius,USA-HLA,LG12
USA-HLA-16,Pungitius pungitius,USA-HLA,LG12
USA-HLA-17,Pungitius pungitius,USA-HLA,LG12
USA-HLA-18,Pungitius pungitius,USA-HLA,LG12
USA-HLA-19,Pungitius pungitius,USA-HLA,LG12
USA-HLA-2,Pungitius pungitius,USA-HLA,LG12
USA-HLA-20,Pungitius pungitius,USA-HLA,LG12
USA-HLA-21,Pungitius pungitius,USA-HLA,LG12
USA-HLA-3,Pungitius pungitius,USA-HLA,LG12
USA-HLA-4,Pungitius pungitius,USA-HLA,LG12
USA-HLA-5,Pungitius pungitius,USA-HLA,LG12
USA-HLA-6,Pungitius pungitius,USA-HLA,LG12
USA-HLA-7,Pungitius pungitius,USA-HLA,LG12
USA-HLA-8,Pungitius pungitius,USA-HLA,LG12
USA-HLA-9,Pungitius pungitius,USA-HLA,LG12